Country Name,Country Code,Indicator Name,Indicator Code,1960,1961,1962,1963,1964,1965,1966,1967,1968,1969,1970,1971,1972,1973,1974,1975,1976,1977,1978,1979,1980,1981,1982,1983,1984,1985,1986,1987,1988,1989,1990,1991,1992,1993,1994,1995,1996,1997,1998,1999,2000,2001,2002,2003,2004,2005,2006,2007,2008,2009,2010,2011,2012,2013,2014,2015
Aruba,ABW,Internet users (per 100 people),IT.NET.USER.P2,,,,,,,,,,,,,,,,,,,,,,,,,,,,,,,,,,,,,2.768382663,,,4.506179098,15.44282295,17.1,18.8,20.8,23,25.4,28,30.9,52,58,62,69,74,78.9,83.78,88.66122693
Andorra,AND,Internet users (per 100 people),IT.NET.USER.P2,,,,,,,,,,,,,,,,,,,,,,,,,,,,,,,,,,,,,1.526601023,3.050175385,6.886209218,7.635686143,10.53883561,,11.26046872,13.54641288,26.83795439,37.60576622,48.936847,70.87,70.04,78.53,81,81,86.43442462,94,95.9,96.91
Afghanistan,AFG,Internet users (per 100 people),IT.NET.USER.P2,,,,,,,,,,,,,,,,,,,,,,,,,,,,,,,,,,,,,,,,,,0.004722568242,0.00456139517,0.08789125286,0.10580903,1.224148084,2.107123645,1.9,1.84,3.55,4,5,5.454545455,5.9,7,8.26
Angola,AGO,Internet users (per 100 people),IT.NET.USER.P2,,,,,,,,,,,,,,,,,,,,,,,,,,,,,,,,,,,,,0.0007759285246,0.005673745989,0.01845372408,0.07196408704,0.1050455625,0.1360138674,0.2703767456,0.3706820652,0.464814618,1.143366827,1.5,1.7,1.9,2.3,2.8,3.1,6.5,8.9,10.2,12.4
Albania,ALB,Internet users (per 100 people),IT.NET.USER.P2,,,,,,,,,,,,,,,,,,,,,,,,,,,,,,,,,,,,0.01116869549,0.03219682823,0.04859391876,0.06502737002,0.0814370446,0.1140973466,0.3257983771,0.3900812734,0.9719004152,2.420387798,6.043890864,9.609991316,15.03611541,23.86,41.2,45,49,54.65595904,57.2,60.1,63.2529327
Arab World,ARB,Internet users (per 100 people),IT.NET.USER.P2,,,,,,,,,,,,,,,,,,,,,,,,,,,,,,,,,,,,0.01702504938,0.03776068843,0.1310455767,0.2616151151,0.5985821496,1.139541123,1.56128817,2.693061013,3.645880783,7.006812461,8.393141725,11.65464791,14.20590224,18.59353118,21.5453539,24.5357799,26.5499875,29.95430206,32.34989589,36.00712985,39.52615407
United Arab Emirates,ARE,Internet users (per 100 people),IT.NET.USER.P2,,,,,,,,,,,,,,,,,,,,,,,,,,,,,,,,,,,,0.1029391746,0.3753935343,3.295592694,6.908302986,14.94269899,23.62530088,26.2717542,28.31648531,29.47795341,30.13129617,40,52,61,63,64,68,78,84.9999915,88,90.4,91.24340578
Argentina,ARG,Internet users (per 100 people),IT.NET.USER.P2,,,,,,,,,,,,,,,,,,,,,,,,,,,,,,,,,0.002992874146,0.02952706529,0.04370595114,0.08627708097,0.1419547044,0.2803398818,0.8307666797,3.284481956,7.038683086,9.780807285,10.88212438,11.91369655,16.03668411,17.72058337,20.9272021,25.94663294,28.11262348,34,45,51,55.8,59.9,64.7,69.40092102
Armenia,ARM,Internet users (per 100 people),IT.NET.USER.P2,,,,,,,,,,,,,,,,,,,,,,,,,,,,,,,,,,,0.009117014141,0.05274312331,0.09457290247,0.1116509345,0.1286594776,0.9707377575,1.300470022,1.631094667,1.960405046,4.575217225,4.899008571,5.252983352,5.631787777,6.021253397,6.21,15.3,25,32,37.5,41.9,54.62280586,58.24933222
American Samoa,ASM,Internet users (per 100 people),IT.NET.USER.P2,,,,,,,,,,,,,,,,,,,,,,,,,,,,,,,,,,,,,,,,,,,,,,,,,,,,,,,,
Antigua and Barbuda,ATG,Internet users (per 100 people),IT.NET.USER.P2,,,,,,,,,,,,,,,,,,,,,,,,,,,,,,,,,,,,2.200768802,2.858449577,3.480536838,4.0717165,5.300681138,6.482225737,8.899285515,12.5,17.22864878,24.26654372,27,30,34,38,42,47,52,58,63.4,64,65.2
Australia,AUS,Internet users (per 100 people),IT.NET.USER.P2,,,,,,,,,,,,,,,,,,,,,,,,,,,,,,,0.5850947122,1.097203891,1.768764913,1.974611016,2.232101254,2.759654513,3.27524987,16.36935838,30.81323944,40.7837839,46.75611561,52.68926643,,,,63,66,69.45,71.67,74.25,76,79.48769771,79,83.45349717,84,84.56051935
Austria,AUT,Internet users (per 100 people),IT.NET.USER.P2,,,,,,,,,,,,,,,,,,,,,,,,,,,,,,,0.1303693769,0.2590815533,0.6428176188,0.76534273,1.393422968,1.890210524,6.909162353,9.533974317,15.42121932,23.0443171,33.73013295,39.18545018,36.56,42.7,54.28,58,63.6,69.37,72.87,73.45,75.17,78.7399931,80.02999392,80.6188,81,83.9263
Azerbaijan,AZE,Internet users (per 100 people),IT.NET.USER.P2,,,,,,,,,,,,,,,,,,,,,,,,,,,,,,,,,,,0.001431415298,0.002055555763,0.006354584547,0.02518793347,0.03748510904,0.09922894151,0.1477575756,0.3055646376,4.999713678,,,8.030375356,11.99217733,14.54,17.08,27.4,46,50,54.2,73.00000137,75.00001564,77
Burundi,BDI,Internet users (per 100 people),IT.NET.USER.P2,,,,,,,,,,,,,,,,,,,,,,,,,,,,,,,,,,,,,0.0008035921211,0.007979438583,0.01584277629,0.03920446918,0.07724844738,0.1060012454,0.1182284123,0.2012731967,0.3490604619,0.5421428658,0.6575925904,0.7,0.81,0.9,1,1.11,1.219999945,1.264218111,1.38,4.866224464
Belgium,BEL,Internet users (per 100 people),IT.NET.USER.P2,,,,,,,,,,,,,,,,,,,,,,,,,,,,,,,0.001006739618,0.02007264491,0.1000410268,0.1994460585,0.6959946898,0.9916629901,2.968411647,4.93808091,7.886622701,13.77221446,29.43169169,31.28839551,46.33,49.97,53.86,55.82,59.72,64.44,66,70,75,81.609996,80.71999055,82.1702,85,85.0529
Benin,BEN,Internet users (per 100 people),IT.NET.USER.P2,,,,,,,,,,,,,,,,,,,,,,,,,,,,,,,,,,,,,0.001693100193,0.02464879574,0.04787730388,0.1549067407,0.2252478515,0.36341789,0.7029455951,0.9513271149,1.182540965,1.271031439,1.537854346,1.79,1.85,2.24,3.13,4.148323066,4.5,4.9,6,6.787702956
Burkina Faso,BFA,Internet users (per 100 people),IT.NET.USER.P2,,,,,,,,,,,,,,,,,,,,,,,,,,,,,,,,,,,,,0.0009605185571,0.01868635311,0.04542348405,0.06178029269,0.07708016894,0.1577324647,0.2009925979,0.3734403032,0.4002952855,0.4699144887,0.6327075645,0.75,0.92,1.13,2.4,3,3.725034916,9.1,9.4,11.38764617
Bangladesh,BGD,Internet users (per 100 people),IT.NET.USER.P2,,,,,,,,,,,,,,,,,,,,,,,,,,,,,,,,,,,,,,0.0007510458294,0.003684812625,0.03617040747,0.07103942305,0.1298079739,0.1399202885,0.1638776655,0.1990363337,0.2416373256,1,1.8,2.5,3.1,3.7,4.5,5,6.63,13.9,14.4
Bulgaria,BGR,Internet users (per 100 people),IT.NET.USER.P2,,,,,,,,,,,,,,,,,,,,,,,,,,,,,,,,,,0.002339042312,0.01952666881,0.1196655491,0.7252511666,1.219813132,1.844965121,2.908154025,5.370923469,7.612297749,9.08,12.04,18.13,19.97,27.09,33.64,39.67,45,46.23,47.97999305,51.89998767,53.0615,55.49,56.6563
Bahrain,BHR,Internet users (per 100 people),IT.NET.USER.P2,,,,,,,,,,,,,,,,,,,,,,,,,,,,,,,,,,,,0.3462058436,0.8432542192,1.646299202,3.218202151,4.720358118,6.153732546,15.03863425,18.05072089,21.55494499,21.45868051,21.30373351,28.24395243,32.91,51.95,53,55,76.9999665,88,90.0000397,90.50313348,93.47830114
"Bahamas, The",BHS,Internet users (per 100 people),IT.NET.USER.P2,,,,,,,,,,,,,,,,,,,,,,,,,,,,,,,,,,,,0.960030721,1.746950698,1.362953903,2.33559071,3.764557822,8,11.8,18,20,22,25,26,27,31.54,33.88,43,65,71.74820281,72,76.92,78
Bosnia and Herzegovina,BIH,Internet users (per 100 people),IT.NET.USER.P2,,,,,,,,,,,,,,,,,,,,,,,,,,,,,,,,,,,,,0.01512556335,0.0594255628,0.1436710599,0.1943741998,1.08296075,1.200526951,2.648267914,3.965036834,15.46897162,21.326701,25.12238569,27.92,34.66,37.74,42.75,47.77,52.78,57.79,60.8,65.0655028
Belarus,BLR,Internet users (per 100 people),IT.NET.USER.P2,,,,,,,,,,,,,,,,,,,,,,,,,,,,,,,,,,,0.0004859508688,0.002921254375,0.02929829414,0.04902089104,0.07386889728,0.4948812453,1.860398126,4.300616022,8.950971315,,,,16.2,19.7,23,27.43,31.8,39.64889566,46.91,54.17,59.02,62.23036091
Belize,BLZ,Internet users (per 100 people),IT.NET.USER.P2,,,,,,,,,,,,,,,,,,,,,,,,,,,,,,,,,,,,0.04539717993,0.8828073273,1.288582302,2.091516391,4.076740564,5.963835303,,5.684251214,,9.8,17,24,24.6,26.3,27.2,28.2,30.7,31,33.6,38.7,41.59
Bermuda,BMU,Internet users (per 100 people),IT.NET.USER.P2,,,,,,,,,,,,,,,,,,,,,,,,,,,,,,,,,,,,6.838163465,16.20246602,24.18925674,32.10375935,39.94758876,42.94986002,47.5096999,52.03159737,56.52201218,60.99086701,65.44706579,69.89965516,74.35059403,82.3,83.25,84.21,88.336,91.29930452,95.3,96.8,98.32360965
Bolivia,BOL,Internet users (per 100 people),IT.NET.USER.P2,,,,,,,,,,,,,,,,,,,,,,,,,,,,,,,,,,,,0.06680756828,0.1960811739,0.4478390359,0.6264840624,0.9818151873,1.442763585,2.120462534,3.117192947,3.508596401,4.439924601,5.227583957,6.200671255,10.49924432,12.5,16.8,22.4,30,35.34,36.99,34.6,45.1
Brazil,BRA,Internet users (per 100 people),IT.NET.USER.P2,,,,,,,,,,,,,,,,,,,,,,,,,,,,,,,,0.003288170703,0.01294626236,0.02549825324,0.03767270936,0.1051381678,0.4507891789,0.786079155,1.477874959,2.038732184,2.870685159,4.528494869,9.149425086,13.2075861,19.07367227,21.02274725,28.17838018,30.88,33.83,39.22,40.65,45.69,48.56,51.04,54.55100188,59.07947791
Barbados,BRB,Internet users (per 100 people),IT.NET.USER.P2,,,,,,,,,,,,,,,,,,,,,,,,,,,,,,,,,,,,0.007752238459,0.3894642141,0.7834289117,1.970249237,2.376247035,3.973678355,11.93645034,27.83632242,39.68962712,49.8,52.5,55.3,58.2,61.4,64.7,65.1,66.5,71.2,71.8,75.16,76.11
Brunei Darussalam,BRN,Internet users (per 100 people),IT.NET.USER.P2,,,,,,,,,,,,,,,,,,,,,,,,,,,,,,,,,,,,1.017080166,3.303349927,4.831057905,6.284742844,7.671041206,8.996284534,12.91776908,15.32987986,19.59500322,29.71560414,36.46639195,42.18634916,44.68,46,49,53,56,60.27306504,64.5,68.77,71.2
Bhutan,BTN,Internet users (per 100 people),IT.NET.USER.P2,,,,,,,,,,,,,,,,,,,,,,,,,,,,,,,,,,,,,,,,0.1375715143,0.4009444469,0.8646285642,1.675802584,2.436912399,3.156984196,3.847106745,4.518317258,5.92,6.55,7.17,13.6,14.4,15.6,22.4,30.3,39.8
Botswana,BWA,Internet users (per 100 people),IT.NET.USER.P2,,,,,,,,,,,,,,,,,,,,,,,,,,,,,,,,,,,,0.06452104096,0.1574542296,0.3077468499,0.6024009291,1.122391474,2.902666622,3.430886787,3.385922351,3.345190174,3.304889253,3.262554036,4.289932975,5.28,6.25,6.15,6,8,11.5,15,18.5,27.5
Central African Republic,CAF,Internet users (per 100 people),IT.NET.USER.P2,,,,,,,,,,,,,,,,,,,,,,,,,,,,,,,,,,,,,0.005849502822,0.01427088072,0.02787820125,0.04089428718,0.05339417422,0.07854342784,0.1285371165,0.1515633379,0.2234013955,0.2681956092,0.3111591732,0.375815961,1,1.8,2,2.2,3,3.5,4.03,4.563264352
Canada,CAN,Internet users (per 100 people),IT.NET.USER.P2,,,,,,,,,,,,,,,,,,,,,,,,,,,,,,,0.3609997006,0.5703859263,0.9159810402,1.184557509,2.378693853,4.163525253,6.76023965,15.07235736,24.8974003,36.18644004,51.3,60.2,61.59329927,64.2,65.95596346,71.66,72.4,73.2,76.7,80.3,80.3,83,83,85.8,87.12,88.47
Central Europe and the Baltics,CEB,Internet users (per 100 people),IT.NET.USER.P2,,,,,,,,,,,,,,,,,,,,,,,,,,,,,,,,,,0.1486500579,0.3892848703,0.6219306379,1.068195153,1.790093415,3.511563902,4.959357017,7.037650207,10.21536513,18.19417192,22.5126441,29.15044423,34.64729322,40.65876375,45.11428149,50.4833147,54.87022447,58.35016696,58.85739213,61.50954877,63.28363087,66.92852334,68.15658622
Switzerland,CHE,Internet users (per 100 people),IT.NET.USER.P2,,,,,,,,,,,,,,,,,,,,,,,,,,,,,,,0.5957142234,1.17995597,1.751713322,2.167270203,2.720004329,3.552007211,4.549656748,15.1,24.8,34,47.1,55.1,61.4,65.1,67.8,70.1,75.7,77.2,79.2,81.3,83.9,85.19302818,85.2,86.34,87.4,87.97
Channel Islands,CHI,Internet users (per 100 people),IT.NET.USER.P2,,,,,,,,,,,,,,,,,,,,,,,,,,,,,,,,,,,,,,,,,,,,,,,,,,,,,,,,
Chile,CHL,Internet users (per 100 people),IT.NET.USER.P2,,,,,,,,,,,,,,,,,,,,,,,,,,,,,,,,,0.03654893815,0.07178314427,0.1410845067,0.3469807814,0.6834756102,1.057092496,1.662322022,4.103419297,16.6,19.1,22.1,25.47377889,28.17791012,31.17534703,34.49775117,35.9,37.3,41.56,45,52.24960729,55.05,58,61.11,64.289
China,CHN,Internet users (per 100 people),IT.NET.USER.P2,,,,,,,,,,,,,,,,,,,,,,,,,,,,,,,,,,0.000168680271,0.00116811453,0.004954709504,0.0130816918,0.03239486093,0.1685402973,0.7081879568,1.775913207,2.639650215,4.595704331,6.2,7.3,8.523257003,10.52315262,16,22.6,28.9,34.3,38.3,42.30011749,45.8,47.9,50.3
Cote d'Ivoire,CIV,Internet users (per 100 people),IT.NET.USER.P2,,,,,,,,,,,,,,,,,,,,,,,,,,,,,,,,,,,,0.0002002556063,0.008409779849,0.01882836129,0.0609744386,0.1186859167,0.2314616706,0.3957477022,0.4979293608,0.7586696295,0.8492824147,1.039238205,1.524900791,1.8,1.9,2,2.7,2.9,5,8.4,14.6,21
Cameroon,CMR,Internet users (per 100 people),IT.NET.USER.P2,,,,,,,,,,,,,,,,,,,,,,,,,,,,,,,,,,,,,,0.006768744294,0.01321634052,0.1290675809,0.2521200777,0.2770513218,0.3608715843,0.5876226111,0.9760754155,1.402654226,2.028744791,2.93,3.4,3.84,4.3,5,,,16.21487223,20.68014766
"Congo, Rep.",COG,Internet users (per 100 people),IT.NET.USER.P2,,,,,,,,,,,,,,,,,,,,,,,,,,,,,,,,,,,,,0.003526860392,0.003469103643,0.003415143086,0.01679104916,0.02635473206,0.03222361643,0.1572495172,0.4600141868,1.07750493,1.46342006,2.007990079,2.759704374,4.287509903,4.5,5,5.6,6.106695024,6.6,7.11,7.615974662
Colombia,COL,Internet users (per 100 people),IT.NET.USER.P2,,,,,,,,,,,,,,,,,,,,,,,,,,,,,,,,,,,0.1071739453,0.1880467904,0.3300177727,0.5505210232,1.126225245,1.697730794,2.207532993,2.854199971,4.6,7.388923711,9.118690303,11.00726389,15.34167454,21.8,25.6,30,36.5,40.35091575,48.98,51.7,52.57,55.90497251
Comoros,COM,Internet users (per 100 people),IT.NET.USER.P2,,,,,,,,,,,,,,,,,,,,,,,,,,,,,,,,,,,,,,,0.03787096982,0.1481629644,0.2717406073,0.4430683725,0.554869675,0.8481893702,1.327327178,2,2.2,2.5,3,3.5,5.1,5.5,5.975296308,6.5,6.98,7.459161386
Cabo Verde,CPV,Internet users (per 100 people),IT.NET.USER.P2,,,,,,,,,,,,,,,,,,,,,,,,,,,,,,,,,,,,,,0.2409679199,0.4727350084,1.159982461,1.822443852,2.685332713,3.518757175,4.324885391,5.31883207,6.074087107,6.808911008,8.28321982,14,21,30,32,34.74,37.5,40.26,43.01962636
Costa Rica,CRI,Internet users (per 100 people),IT.NET.USER.P2,,,,,,,,,,,,,,,,,,,,,,,,,,,,,,,,,0.001113325392,0.08150975385,0.2799124787,0.4168292061,0.8410570405,1.640221288,2.666378698,3.904323257,5.800253023,9.559482135,19.89485113,20.33361481,20.79230671,22.07,25.1,28.4,32.29,34.33,36.5,39.212196,47.5,45.96,53,59.76295014
Caribbean small states,CSS,Internet users (per 100 people),IT.NET.USER.P2,,,,,,,,,,,,,,,,,,,,,,,,,,,,,,,,,,,,0.1939121079,0.5544487855,0.9046809031,1.943876388,3.379123195,4.940877784,8.35771143,11.82229681,14.97618472,16.89119229,19.48895869,22.34485257,24.4938787,27.72404741,31.92694997,35.74316613,42.54218397,43.13709427,46.0331198,49.1875928,51.91699952
Cuba,CUB,Internet users (per 100 people),IT.NET.USER.P2,,,,,,,,,,,,,,,,,,,,,,,,,,,,,,,,,,,,9.17E-05,0.03194900136,0.06822021376,0.2266991989,0.3146905412,0.5411825488,1.079751722,3.770585038,5.241269054,8.407984759,9.738062208,11.15960131,11.69,12.94,14.33,15.9,16.0172908,21.2,27.93,29.07018437,31.10797021
Curacao,CUW,Internet users (per 100 people),IT.NET.USER.P2,,,,,,,,,,,,,,,,,,,,,,,,,,,,,,,,,,,,,,,,,,,,,,,,,,,,,,,,
Cayman Islands,CYM,Internet users (per 100 people),IT.NET.USER.P2,,,,,,,,,,,,,,,,,,,,,,,,,,,,,,,,,,,,3.948967193,,,,,,,,,,38.03438308,44.5,52,61,64.5,66,69.46594499,69.7,71.4,74.1,77
Cyprus,CYP,Internet users (per 100 people),IT.NET.USER.P2,,,,,,,,,,,,,,,,,,,,,,,,,,,,,,,,,0.05006043009,0.05636748216,0.1110346206,0.4101206848,0.6733435412,4.378272095,8.890539159,11.34239866,15.25539437,18.81875904,28.32,30.09,33.83,32.81,35.83,40.77,42.31,49.81,52.99,56.85989235,60.6898684,65.4548,69.33,71.7159
Czech Republic,CZE,Internet users (per 100 people),IT.NET.USER.P2,,,,,,,,,,,,,,,,,,,,,,,,,,,,,,,,,,0.5813195294,1.259217838,1.45357584,1.940378193,2.915698695,3.895906065,6.832802018,9.780527888,14.69717212,23.93,34.3,35.5,35.27,47.93,51.93,62.97,64.43,68.82,70.49,73.43000782,74.1104,79.71,81.2986
Germany,DEU,Internet users (per 100 people),IT.NET.USER.P2,,,,,,,,,,,,,,,,,,,,,,,,,,,,,,,0.1258922234,0.2502741534,0.4352852902,0.4636350965,0.9225410431,1.837737754,3.054805234,6.711087477,9.877852428,20.84598264,30.2163466,31.65093942,48.82,55.9,64.73,68.71,72.16,75.16,78,79,82,81.26999954,82.34999847,84.17,86.19,87.5898
Djibouti,DJI,Internet users (per 100 people),IT.NET.USER.P2,,,,,,,,,,,,,,,,,,,,,,,,,,,,,,,,,,,,0.01603083049,0.03116624073,0.08294149759,0.09469600397,0.1057619088,0.1945005284,0.343526263,0.4869717045,0.6259402294,0.7813171751,0.9536114493,1.270041159,1.62,2.26,4,6.5,7,8.267232892,9.5,10.71,11.92243143
Dominica,DMA,Internet users (per 100 people),IT.NET.USER.P2,,,,,,,,,,,,,,,,,,,,,,,,,,,,,,,,,,,,0.5487627365,1.165518146,,2.925345191,2.932164377,8.814844198,13.24522804,18.42489277,23.62041985,30.31961309,38.54364326,39.3981743,40.27446301,41.16,42.02,47.45,48.6,49.8,51,57.5,67.6
Denmark,DNK,Internet users (per 100 people),IT.NET.USER.P2,,,,,,,,,,,,,,,,,,,,,,,,,,,,,,,0.09727726764,0.1940565147,0.3869139511,0.5783299758,1.34430775,3.82565642,5.714987841,11.38200494,22.66874615,30.59204065,39.17243086,42.95752472,64.25,76.26,80.93,82.74,86.65,85.03,85.02,86.84,88.72,89.81001339,92.26001172,94.6297,95.99,96.3305
Dominican Republic,DOM,Internet users (per 100 people),IT.NET.USER.P2,,,,,,,,,,,,,,,,,,,,,,,,,,,,,,,,,,,,0.01723360084,0.07498705264,0.1426875655,0.233914189,1.104743874,3.704692356,4.429390697,6.823725733,7.898392937,8.865553461,11.48319778,14.84492837,17.66,20.82,27.72,31.4,38,42.32,45.9,49.58,51.93023274
Algeria,DZA,Internet users (per 100 people),IT.NET.USER.P2,,,,,,,,,,,,,,,,,,,,,,,,,,,,,,,,,,,0.000360673568,0.001768954015,0.001738533226,0.01026846315,0.02023855454,0.199523843,0.4917056791,0.6461140167,1.59164126,2.195359731,4.634475088,5.843942092,7.375984956,9.451190626,10.18,11.23,12.5,14,15.22802676,16.5,25,38.2
East Asia & Pacific (excluding high income),EAP,Internet users (per 100 people),IT.NET.USER.P2,,,,,,,,,,,,,,,,,,,,,,,,,,,,,,,,,,0.001162404139,0.004032794314,0.01304495669,0.03370922342,0.09426221627,0.3241767515,0.8533515966,1.897115737,2.779089189,4.405156649,5.762267997,6.885475763,8.319143451,10.17376939,14.38223568,19.25942049,23.76826305,28.95605646,32.38395697,36.11991697,39.24711359,41.9051896,44.98204897
Early-demographic dividend,EAR,Internet users (per 100 people),IT.NET.USER.P2,,,,,,,,,,,,,,,,,,,,,,,,,,,,,,,0.0002453482888,,,,0.01501946484,0.04544000876,0.08064084208,0.1634992865,0.344094257,0.6131099855,1.238858864,1.694673871,2.847867804,3.416897115,4.217151395,4.895428367,5.783498059,7.349261153,8.51512561,9.712751899,12.84658925,15.45778052,18.02426063,20.34903021,25.11454001,29.79234255
East Asia & Pacific,EAS,Internet users (per 100 people),IT.NET.USER.P2,,,,,,,,,,,,,,,,,,,,,,,,,,,,,,,0.007288276369,,,0.07927792186,0.1173821001,0.2095778973,0.4647337404,1.079850356,1.882787353,3.406408274,5.592679876,7.252166109,8.993587818,10.54724365,12.59696421,14.66635904,16.6176467,20.76611474,25.25292651,29.5123239,34.2294861,37.36364156,40.75611397,44.20350074,46.73983645,49.82471578
Europe & Central Asia (excluding high income),ECA,Internet users (per 100 people),IT.NET.USER.P2,,,,,,,,,,,,,,,,,,,,,,,,,,,,,,,,,,0.009094871617,0.0375382919,0.08884551423,0.1885002917,0.3611006524,0.6762308052,1.103629208,1.969607338,2.877816751,5.010025741,7.299761161,10.74341531,12.47815799,15.01855708,20.39210263,23.90847565,27.49027347,35.6603017,40.60390774,48.56220086,52.72270543,56.77736362,59.93206446
Europe & Central Asia,ECS,Internet users (per 100 people),IT.NET.USER.P2,,,,,,,,,,,,,,,,,,,,,,,,,,,,,,,0.04810557878,,0.2625207137,0.3177053494,0.5647527454,1.023859739,1.8426144,3.360617212,5.436864506,9.244609292,13.18475314,16.40630419,23.05918302,28.36394999,32.3595825,35.22610797,38.08272026,43.67340173,47.35737836,50.5657966,56.11814625,58.86062762,63.48542495,66.30553637,69.50949624,71.74412921
Ecuador,ECU,Internet users (per 100 people),IT.NET.USER.P2,,,,,,,,,,,,,,,,,,,,,,,,,,,,,,,,,0.005118035389,0.01640075126,0.03483358612,0.04383364116,0.08616127564,0.1102179594,0.125272771,0.8233716344,1.462188536,2.670443674,4.260796915,4.460228345,4.834442638,5.994255161,7.2,10.8,18.8,24.6,29.03,31.36680836,35.13514645,40.27912194,45.59039067,48.94043379
"Egypt, Arab Rep.",EGY,Internet users (per 100 people),IT.NET.USER.P2,,,,,,,,,,,,,,,,,,,,,,,,,,,,,,,,,,0.0009757913644,0.006383269604,0.03131963824,0.06146689894,0.09048024471,0.1479873769,0.2904452783,0.6412650375,0.8389456115,2.719999715,4.037885107,11.92,12.75,13.66,16.03,18.01,20,21.6,25.6,26.4,29.4,33.89460391,35.9
Euro area,EMU,Internet users (per 100 people),IT.NET.USER.P2,,,,,,,,,,,,,,,,,,,,,,,,,,,,,,,0.07275671384,0.1697397038,0.3264390446,0.4693825129,0.8476048353,1.702123942,2.881471769,5.109372018,8.017798406,15.23753686,22.51868204,27.34451307,35.18572124,42.08609191,47.47257218,51.24401839,54.91930454,61.36466359,64.8239515,67.11518705,71.02191736,72.05946301,74.08163408,75.81072732,78.30003601,80.28028397
Eritrea,ERI,Internet users (per 100 people),IT.NET.USER.P2,,,,,,,,,,,,,,,,,,,,,,,,,,,,,,,,,,,,,,0.009017718012,0.008774236269,0.02549502847,0.1367119411,0.1578152893,0.2270901376,,,,,0.41,0.47,0.54,0.61,0.7,0.8,0.9,0.99,1.083733116
Spain,ESP,Internet users (per 100 people),IT.NET.USER.P2,,,,,,,,,,,,,,,,,,,,,,,,,,,,,,,0.01287356445,0.02568619382,0.07684545316,0.1276896679,0.2800697384,0.380800728,1.331847404,2.803319625,4.361892394,7.085039678,13.62496081,18.14872269,20.39,39.93,44.01,47.88,50.37,55.11,59.6,62.4,65.8,67.6,69.80999994,71.635,76.19,78.6896
Estonia,EST,Internet users (per 100 people),IT.NET.USER.P2,,,,,,,,,,,,,,,,,,,,,,,,,,,,,,,,,0.06548479705,0.3007112824,1.159750913,2.778968489,3.525111129,5.706276548,10.79603483,14.50089724,28.57695381,31.52748977,41.52,45.32,53.2,61.45,63.51,66.19,70.58,72.5,74.1,76.5,78.38992593,79.4,84.24,88.4066
Ethiopia,ETH,Internet users (per 100 people),IT.NET.USER.P2,,,,,,,,,,,,,,,,,,,,,,,,,,,,,,,,,,,,1.75E-05,0.001703448289,0.004966720489,0.00966351745,0.01254159892,0.01526376721,0.03716238107,0.07240226187,0.1058116588,0.1553345208,0.219659819,0.3105926569,0.37,0.45,0.54,0.75,1.1,2.9,4.6,7.7,11.6
European Union,EUU,Internet users (per 100 people),IT.NET.USER.P2,,,,,,,,,,,,,,,,,,,,,,,,,,,,,,,0.06933409668,0.1719111935,0.3104507741,0.4337490384,0.8270959919,1.581629039,2.80552366,5.120499885,8.42163842,14.58269767,20.55669432,25.29952685,35.1395198,41.82284915,46.83196466,50.9720859,54.54631442,60.29527801,64.18913689,67.2146427,70.63089596,71.55806629,73.69936458,75.53578025,78.10214768,79.62581461
Fragile and conflict affected situations,FCS,Internet users (per 100 people),IT.NET.USER.P2,,,,,,,,,,,,,,,,,,,,,,,,,,,,,,,,,,,,,,0.03643286304,0.07700155456,0.1341728729,0.266401329,0.2568831572,0.5344351856,0.7534632288,1.04816734,1.468663542,1.885310576,3.073772216,2.99223459,3.823669139,6.145980059,6.798016227,8.021389125,9.493569517,12.21624472,14.98630875
Finland,FIN,Internet users (per 100 people),IT.NET.USER.P2,,,,,,,,,,,,,,,,,,,,,,,,,,,,,,,0.4010876695,1.397439332,1.88687977,2.568461349,4.915098554,13.90030389,16.78007526,19.4586828,25.45252493,32.29509229,37.24846174,43.10536335,62.43,69.22,72.39,74.48,79.66,80.78,83.67,82.49,86.89,88.70999491,89.87999797,91.5144,92.38,92.6513
Fiji,FJI,Internet users (per 100 people),IT.NET.USER.P2,,,,,,,,,,,,,,,,,,,,,,,,,,,,,,,,,,0.006678447448,0.007907399085,0.009115342945,0.06443714157,0.2234548417,0.6331678655,0.9424620628,1.496854734,1.857978594,6.1526497,6.725434738,7.412943485,8.453636634,9.6000384,10.89783105,13,17,20,28,33.74235675,37.1,41.8,46.32872895
France,FRA,Internet users (per 100 people),IT.NET.USER.P2,,,,,,,,,,,,,,,,,,,,,,,,,,,,,,,0.05277786159,0.1401138954,0.2790494633,0.5906193834,0.8998674253,1.637947245,2.584033979,4.255003872,6.319778722,9.125317889,14.30792394,26.32590355,30.18,36.14,39.15,42.87,46.87,66.09,70.68,71.58,77.28,77.81999899,81.44,81.9198,83.75,84.6945
Faroe Islands,FRO,Internet users (per 100 people),IT.NET.USER.P2,,,,,,,,,,,,,,,,,,,,,,,,,,,,,,,,,,,,,2.318786811,4.601297566,11.33786848,22.29753835,32.91639236,43.24698352,53.29922183,58.91264097,66.53359947,67.90263174,69.35944512,75.98,75.57,75.18,75.2,80.7321728,85.33518924,90,93.3,94.2
"Micronesia, Fed. Sts.",FSM,Internet users (per 100 people),IT.NET.USER.P2,,,,,,,,,,,,,,,,,,,,,,,,,,,,,,,,,,,,,0.2780377946,0.570676845,1.858718785,2.797594069,3.734862137,4.660527199,5.570099705,9.2325021,11.01786731,11.8813691,12.75033925,13.62113273,14.49,15.35,20,22.8,25.974423,27.8,29.65,31.50108128
Gabon,GAB,Internet users (per 100 people),IT.NET.USER.P2,,,,,,,,,,,,,,,,,,,,,,,,,,,,,,,,,,,,,,0.0479990086,0.1701248802,0.2490095645,1.216140618,1.347620222,1.939530106,2.659586594,2.9790698,4.89326475,5.489200803,5.767004576,6.21,6.7,7.23,8,8.616714489,9.2,20,23.5
United Kingdom,GBR,Internet users (per 100 people),IT.NET.USER.P2,,,,,,,,,,,,,,,,,,,,,,,,,,,,,,,0.08735531928,0.1742309225,0.2606151595,0.519762001,1.036609166,1.895168284,4.123650336,7.385398957,13.6699831,21.29363827,26.82175435,33.48109487,56.48,64.82,65.61,70,68.82,75.09,78.39,83.56,85,85.37999855,87.47999842,89.8441,91.61,92.0003
Georgia,GEO,Internet users (per 100 people),IT.NET.USER.P2,,,,,,,,,,,,,,,,,,,,,,,,,,,,,,,,,,,,0.01183688535,0.04006541882,0.06093033307,0.1028309568,0.4163435667,0.4847462985,0.9923444361,1.58787563,2.558816481,3.886221354,6.079457629,7.526876845,8.26,10.01,20.07,26.9,31.52,36.94,43.3,44,45.15837441
Ghana,GHA,Internet users (per 100 people),IT.NET.USER.P2,,,,,,,,,,,,,,,,,,,,,,,,,,,,,,,,,,,,0.0003479175742,0.005648762969,0.02753754179,0.03224044321,0.1048954662,0.1536152976,0.2000080603,0.8302840338,1.193057911,1.716797704,1.831197461,2.723175973,3.85,4.27,5.44,7.8,9,10.6,12.3,18.9,23.47812844
Gibraltar,GIB,Internet users (per 100 people),IT.NET.USER.P2,,,,,,,,,,,,,,,,,,,,,,,,,,,,,,,,,,,,,,2.662907268,4.183794329,5.936978297,19.13163812,21.17110944,23.67023975,28.32577979,32.88608261,39.07013088,45.29864751,51.61,58,65.07,65,65,65.017,,,
Guinea,GIN,Internet users (per 100 people),IT.NET.USER.P2,,,,,,,,,,,,,,,,,,,,,,,,,,,,,,,,,,,0.0001383184597,0.0006685894408,0.00194894188,0.003803108509,0.006203368504,0.06080891916,0.09542492361,0.1755418685,0.4020227487,0.4509603708,0.5088193323,0.542254181,0.637492123,0.7800252791,0.92,0.94,1,1.3,1.490144366,1.6,1.72,4.7
"Gambia, The",GMB,Internet users (per 100 people),IT.NET.USER.P2,,,,,,,,,,,,,,,,,,,,,,,,,,,,,,,,,,,,0.00921754135,0.03550736023,0.05131134699,0.2060944605,0.7158270148,0.9217949191,1.336791166,1.796779883,2.436781193,3.308003478,3.799001139,5.237691158,6.205037419,6.88,7.63,9.2,10.8703,12.44922872,14,16.5,17.1198205
Guinea-Bissau,GNB,Internet users (per 100 people),IT.NET.USER.P2,,,,,,,,,,,,,,,,,,,,,,,,,,,,,,,,,,,,,,0.01638906325,0.02406042053,0.1177024482,0.2301031706,0.2995691447,1.022993234,1.354197478,1.808142203,1.901365316,2.057196705,2.206302237,2.354888711,2.303280592,2.45,2.672,2.893990621,3.1,3.32,3.540706917
Equatorial Guinea,GNQ,Internet users (per 100 people),IT.NET.USER.P2,,,,,,,,,,,,,,,,,,,,,,,,,,,,,,,,,,,,,,0.04146229212,0.0944237739,0.09741594465,0.1323546651,0.1652604229,0.3211979972,0.520524272,0.8439302846,1.149789671,1.279193596,1.557123059,1.82,2.13,6,11.5,13.94318219,16.4,18.86,21.31999999
Greece,GRC,Internet users (per 100 people),IT.NET.USER.P2,,,,,,,,,,,,,,,,,,,,,,,,,,,,,,,,0.04878880332,0.04829160247,0.1910622421,0.3781743125,0.7496164775,1.395360779,1.849634688,3.221821786,6.877292144,9.138837308,10.93502581,14.67,17.8,21.42,24,32.25,35.88,38.2,42.4,44.4,51.64999517,55.06999344,59.8663,63.21,66.835
Grenada,GRD,Internet users (per 100 people),IT.NET.USER.P2,,,,,,,,,,,,,,,,,,,,,,,,,,,,,,,,,,,,,0.2980329823,0.9908838684,1.484854484,2.473166147,4.063907991,5.128103982,14.75884055,18.64518218,19.57062058,20.48780488,21.39599117,22.29,23.18,24.05,27,30,32,35,51.6,53.81
Greenland,GRL,Internet users (per 100 people),IT.NET.USER.P2,,,,,,,,,,,,,,,,,,,,,,,,,,,,,,,,,,,0.06471212094,0.05394034198,1.796719191,7.954504682,14.65444717,21.60261331,31.74781123,35.46413689,44.15478903,54.53425983,56.09901476,57.7034045,59.36168727,61.07,62.82,62.83,63,64,64.8960101,65.8,66.7,67.60044348
Guatemala,GTM,Internet users (per 100 people),IT.NET.USER.P2,,,,,,,,,,,,,,,,,,,,,,,,,,,,,,,,,,,,0.002998005427,0.01953487082,0.09547602148,0.4665904445,0.5926529453,0.7123329045,1.738201782,3.39174627,4.548854908,5.1,5.7,6.5,7.3,8.3,9.3,10.5,12.3,16,19.7,23.4,27.1
Guam,GUM,Internet users (per 100 people),IT.NET.USER.P2,,,,,,,,,,,,,,,,,,,,,,,,,,,,,,,,,,,0.34845391,0.6595309086,1.356106888,2.344571647,4.50128419,8.497176323,16.11312704,25.38022753,31.19229426,33.71668179,36.16178784,38.55987756,43.851443,46.15047362,48.41870215,50.64202838,54.04,57.7,61.53415931,65.4,69.27,73.13999995
Guyana,GUY,Internet users (per 100 people),IT.NET.USER.P2,,,,,,,,,,,,,,,,,,,,,,,,,,,,,,,,,,,,,0.0658541147,0.131828033,0.2640881104,3.966354735,6.611491566,13.2069865,,,,,,13.8,18.2,23.9,29.9,31,33,35,37.35,38.2
High income,HIC,Internet users (per 100 people),IT.NET.USER.P2,,,,,,,,,,,,,,,,,,,,,,,,,,,,,,,0.2626290449,0.4624993039,0.7197652441,0.9990338434,1.999346789,3.665560098,6.674940656,10.53021744,15.8132128,22.82640702,30.58553315,36.6484349,45.10807409,49.81765946,54.98506213,58.67396067,61.37458527,66.78508327,68.87885478,70.11072051,72.21669317,72.78010564,75.47293094,76.87613716,78.99371892,81.01474358
"Hong Kong SAR, China",HKG,Internet users (per 100 people),IT.NET.USER.P2,,,,,,,,,,,,,,,,,,,,,,,,,,,,,,,,0.1209554443,0.8495278834,1.334568031,2.784198266,3.218635643,4.748838672,10.51875705,14.54597958,21.23068197,27.82776068,38.67140323,43.08238303,52.20004335,56.39988039,56.9,60.8,64.8,66.7,69.4,72,72.2,72.9,74.2,79.86627043,84.94835296
Honduras,HND,Internet users (per 100 people),IT.NET.USER.P2,,,,,,,,,,,,,,,,,,,,,,,,,,,,,,,,,,,,0.03677525238,0.04371124561,0.1709964682,0.3012472137,0.5735754761,1.203855999,1.415281931,2.597402597,4.8,5.6,6.5,7.8,9.4,9.6,9.8,11.09,15.9,18.12,17.8,19.08,20.35686743
Heavily indebted poor countries (HIPC),HPC,Internet users (per 100 people),IT.NET.USER.P2,,,,,,,,,,,,,,,,,,,,,,,,,,,,,,,,,,,,,0.008727644622,0.02389562956,0.04373856091,0.1064598542,0.1733782893,0.2576225351,0.3950524163,0.6044119629,0.9145670473,1.213447385,1.557895614,2.42662065,2.527283286,3.153333335,4.929978865,5.397639252,6.607741601,7.754439185,9.715207016,12.13351837
Croatia,HRV,Internet users (per 100 people),IT.NET.USER.P2,,,,,,,,,,,,,,,,,,,,,,,,,,,,,,,,,,0.09721338901,0.2683189965,0.5140285898,0.8589823679,1.729609312,3.273220279,4.405359119,6.644882544,11.55857318,17.76,22.75,30.91,33.14,37.98,41.44,44.24,50.58,56.55,57.78997899,61.93997315,66.7476,68.57,69.8031
Haiti,HTI,Internet users (per 100 people),IT.NET.USER.P2,,,,,,,,,,,,,,,,,,,,,,,,,,,,,,,,,,,,,0.007484253131,,0.02399947681,0.07065847813,0.2312707146,0.3408323262,0.8934329883,1.647358346,5.401261908,6.376201635,6.796000481,7.2,7.6,8.1,8.37,9,9.8,10.6,11.4,12.19776638
Hungary,HUN,Internet users (per 100 people),IT.NET.USER.P2,,,,,,,,,,,,,,,,,,,,,,,,,,,,,,,,0.003382630175,0.04835342096,0.1934143946,0.4835809752,0.6774860544,0.9692395356,1.942449872,3.894643278,5.857840749,6.999676351,14.5285543,16.67,21.63,27.74,38.97,47.06,53.3,61,62,65,68.01998789,70.57999815,72.6439,76.13,72.8347
IBRD only,IBD,Internet users (per 100 people),IT.NET.USER.P2,,,,,,,,,,,,,,,,,,,,,,,,,,,,,,,,,,0.008159593778,0.01925108759,0.05163834999,0.1129348388,0.2232506011,0.5060639847,0.9915899506,1.918723136,2.740769479,4.589710225,5.865585015,7.445701207,8.682716751,10.4809712,13.70936801,16.94817806,20.32583252,24.88891151,28.35646834,32.13982684,34.985179,38.67529131,42.56249279
IDA & IBRD total,IBT,Internet users (per 100 people),IT.NET.USER.P2,,,,,,,,,,,,,,,,,,,,,,,,,,,,,,,,,,,0.01857987182,0.04616056701,0.09338655997,0.1797548326,0.4030566198,0.7824739965,1.566787143,2.197522612,3.681174232,4.798855852,6.144099039,7.267193898,8.928742396,11.51427846,14.37762483,17.21035701,20.99379112,24.02294649,27.34916443,29.94201552,33.47148455,37.11415331
IDA total,IDA,Internet users (per 100 people),IT.NET.USER.P2,,,,,,,,,,,,,,,,,,,,,,,,,,,,,,,,,,,,,0.008175379956,0.0230129263,0.04274477576,0.09226286469,0.1939138908,0.4631673012,0.811504048,1.459688954,2.101249249,2.902409584,4.004064113,4.933947756,6.528561013,7.802639182,9.709354243,11.53551914,13.52278628,15.63441408,19.09068083,22.23873864
IDA blend,IDB,Internet users (per 100 people),IT.NET.USER.P2,,,,,,,,,,,,,,,,,,,,,,,,,,,,,,,,,,,,,0.01155557922,0.03498486735,0.06074914773,0.11772491,0.2990646257,0.8644996072,1.540467438,2.889907207,4.254556731,5.968230372,7.652878141,8.954543399,12.47269511,14.72137665,17.32243799,20.25456208,24.02054028,27.2453768,30.53402823,35.0408618
Indonesia,IDN,Internet users (per 100 people),IT.NET.USER.P2,,,,,,,,,,,,,,,,,,,,,,,,,,,,,,,,,,,0.001059744382,0.02610947719,0.05662398874,0.1949102636,0.2553066463,0.444415936,0.9255638645,2.018613859,2.134135733,2.38701978,2.600285876,3.602024763,4.764813134,5.786274729,7.917479385,6.92,10.92,12.28,14.52,14.94,17.14,21.97606771
IDA only,IDX,Internet users (per 100 people),IT.NET.USER.P2,,,,,,,,,,,,,,,,,,,,,,,,,,,,,,,,,,,,,,0.01481973275,0.03083304713,0.07677933665,0.1478284807,0.2280393448,0.385545427,0.6301101999,0.8590034312,1.132208832,1.779913049,2.646257839,2.999442715,3.710439473,5.431792155,6.607823862,7.839489148,9.438194509,12.75239704,15.1737595
Isle of Man,IMN,Internet users (per 100 people),IT.NET.USER.P2,,,,,,,,,,,,,,,,,,,,,,,,,,,,,,,,,,,,,,,,,,,,,,,,,,,,,,,,
India,IND,Internet users (per 100 people),IT.NET.USER.P2,,,,,,,,,,,,,,,,,,,,,,,,,,,,,,,,,0.0001113077273,0.0002181756767,0.001069562387,0.02622887881,0.04633397674,0.07076784871,0.1390273288,0.2732242767,0.5275324499,0.660146377,1.537875582,1.686489971,1.976136492,2.388075,2.805499865,3.95,4.38,5.12,7.5,10.07,12.58006091,15.1,21,26
Not classified,INX,Internet users (per 100 people),IT.NET.USER.P2,,,,,,,,,,,,,,,,,,,,,,,,,,,,,,,,,,,,,,,,,,,,,,,,,,,,,,,,
Ireland,IRL,Internet users (per 100 people),IT.NET.USER.P2,,,,,,,,,,,,,,,,,,,,,,,,,,,,,,,,0.05679604427,0.1696863772,0.2811410051,0.5583772218,1.108386328,2.199301832,4.08825507,8.096010043,10.93380859,17.85046724,23.13881219,25.85,34.31,36.99,41.61,54.82,61.15832455,65.34,67.38,69.85,74.88997297,76.91999254,78.2477,79.69,80.1224
"Iran, Islamic Rep.",IRN,Internet users (per 100 people),IT.NET.USER.P2,,,,,,,,,,,,,,,,,,,,,,,,,,,,,,,,,,,0.0004083319514,0.004179752373,0.01582608024,0.04675609414,0.09981522053,0.3785690945,0.93419002,1.484221332,4.626175115,6.933721953,7.49,8.1,8.76,9.47,12.02,13.8,15.9,19,22.73,29.95,39.35,44.08287502
Iraq,IRQ,Internet users (per 100 people),IT.NET.USER.P2,,,,,,,,,,,,,,,,,,,,,,,,,,,,,,,,,,,,,,,,,,0.1,0.5,0.6,0.9,0.9,0.9523442438,0.93,1,1.06,2.5,5,7.1,9.2,13.21,17.22
Iceland,ISL,Internet users (per 100 people),IT.NET.USER.P2,,,,,,,,,,,,,,,,,,,,,,,,,,,,,,,,0.5051290022,1.53916008,2.667825265,6.794811784,11.2158757,14.80647932,27.47886875,36.2642065,41.29456671,44.47053382,49.39299537,79.12,83.14,83.88,87,89.51,90.6,91,93,93.39,94.8196868,96.20979955,96.5468,98.16,98.2
Israel,ISR,Internet users (per 100 people),IT.NET.USER.P2,,,,,,,,,,,,,,,,,,,,,,,,,,,,,,,0.1107738662,0.2146240998,0.3105791971,0.3988333327,0.5769664604,0.9304229703,2.1683676,4.399405482,10.30706995,13.43612191,20.87379,17.37862386,17.76459906,19.59339366,22.77048553,25.19404242,27.88107446,48.12806219,59.39,63.12,67.5,68.87387799,70.8,70.25031195,75.01775316,78.8851791
Italy,ITA,Internet users (per 100 people),IT.NET.USER.P2,,,,,,,,,,,,,,,,,,,,,,,,,,,,,,,0.01754456236,0.0350632556,0.07005343256,0.1224620527,0.1923046195,0.5244127875,1.023289903,2.276737834,4.558519565,14.37841019,23.11087424,27.22211698,28.04,29.04,33.24,35,37.99,40.79,44.53,48.83,53.68,54.3899983,55.82999799,58.4593,61.96,65.5716
Jamaica,JAM,Internet users (per 100 people),IT.NET.USER.P2,,,,,,,,,,,,,,,,,,,,,,,,,,,,,,,,,,,0.03681710408,0.1094879855,0.5911458417,0.7977974408,1.978726318,2.355688556,3.115778027,3.863020387,6.1,7.8,10,12.8,16.4,21.1,23.6,24.3,27.67,37.43861341,33.79,37.1,40.4027351,43.17589719
Jordan,JOR,Internet users (per 100 people),IT.NET.USER.P2,,,,,,,,,,,,,,,,,,,,,,,,,,,,,,,,,,,,0.02323392004,0.04493854878,0.599341106,1.305888264,2.526965353,2.623275422,4.705719581,6.025532412,8.466005016,11.65874137,12.93285205,13.86710879,20,23,26,27.2,34.9,37,41.4,46.2,53.4
Japan,JPN,Internet users (per 100 people),IT.NET.USER.P2,,,,,,,,,,,,,,,,,,,,,,,,,,,,,,,0.02029368287,0.04043804104,0.09667802542,0.4012775264,0.799684291,1.594363148,4.372981968,9.16307714,13.41404088,21.39129031,29.99074036,38.53206086,46.59420112,48.43526589,62.39392963,66.9210661,68.68527032,74.3,75.4,78,78.21,79.05411352,79.4964,88.21942891,89.10683302,93.32941106
Kazakhstan,KAZ,Internet users (per 100 people),IT.NET.USER.P2,,,,,,,,,,,,,,,,,,,,,,,,,,,,,,,,,,,0.0005210788814,0.01130235463,0.031824512,0.06459675412,0.131069604,0.4642772175,0.6685944026,1.006124211,1.674770995,2.000414753,2.650394657,2.961707492,3.268369051,4.02,11,18.2,31.6,50.6,53.31566912,63,66,72.86601297
Kenya,KEN,Internet users (per 100 people),IT.NET.USER.P2,,,,,,,,,,,,,,,,,,,,,,,,,,,,,,,,,,,,0.0007274821628,0.008839114851,0.03440605092,0.0502613877,0.1142560282,0.3180597136,0.6197822662,1.207773885,2.941902861,3.023528042,3.101897702,7.53378972,7.95,8.67,10.04,14,28,32.1,39,43.4,45.62280061
Kyrgyz Republic,KGZ,Internet users (per 100 people),IT.NET.USER.P2,,,,,,,,,,,,,,,,,,,,,,,,,,,,,,,,,,,,,,,0.07280833393,0.2047113498,1.041401145,3.002941327,2.99926518,3.908766268,5.090385307,10.53380134,12.306907,14.03,15.7,16,16.3,17.5,19.8,23,28.3,30.24704278
Cambodia,KHM,Internet users (per 100 people),IT.NET.USER.P2,,,,,,,,,,,,,,,,,,,,,,,,,,,,,,,,,,,,,,0.00584491064,0.01632498607,0.03196957775,0.04702264007,0.07695605555,0.2269832377,0.2605701976,0.3004366444,0.3173217811,0.4683567201,0.49,0.51,0.53,1.26,3.1,4.94,6.8,14,19
Kiribati,KIR,Internet users (per 100 people),IT.NET.USER.P2,,,,,,,,,,,,,,,,,,,,,,,,,,,,,,,,,,,,,,,0.6165456182,1.211577838,1.785225474,2.337458948,2.5,3,3.5,4,4.5,6,7,8.97,9.07,10,10.74679768,11.5,12.25,12.99748389
St. Kitts and Nevis,KNA,Internet users (per 100 people),IT.NET.USER.P2,,,,,,,,,,,,,,,,,,,,,,,,,,,,,,,,,,,,,1.945569823,2.258559942,3.343810607,4.400440044,5.86281024,7.714726556,21.15238176,22.96978429,24.73767754,34,38.5,43.5,49.2,55.7,63,63.2,64,64.6,68,75.7
"Korea, Rep.",KOR,Internet users (per 100 people),IT.NET.USER.P2,,,,,,,,,,,,,,,,,,,,,,,,,,,,,,,0.0232650924,0.04612443473,0.09840433706,0.2499465228,0.3113593643,0.8196866701,1.624237192,3.600801564,6.781815468,23.55219445,44.7,56.6,59.4,65.5,72.7,73.5,78.1,78.8,81,81.6,83.7,83.75912015,84.07,84.77,87.87,89.8962558
Kosovo,KSV,Internet users (per 100 people),IT.NET.USER.P2,,,,,,,,,,,,,,,,,,,,,,,,,,,,,,,,,,,,,,,,,,,,,,,,,,,,,,,,
Kuwait,KWT,Internet users (per 100 people),IT.NET.USER.P2,,,,,,,,,,,,,,,,,,,,,,,,,,,,,,,,,,0.09108224459,0.1471627031,0.2028984331,0.8556623169,2.174535859,3.052397455,4.756222209,6.731395768,8.551792434,10.24896793,22.40293838,22.92711204,25.92610837,28.79119795,34.8,42,50.8,61.4,65.76907069,70.45,75.46,78.7,82.07911476
Latin America & Caribbean (excluding high income),LAC,Internet users (per 100 people),IT.NET.USER.P2,,,,,,,,,,,,,,,,,,,,,,,,,,,,,,,,,0.01268216967,0.02807333394,0.04664973005,0.09882671097,0.283597506,0.566319152,1.158766986,1.897093646,3.400631327,5.08869514,8.344575637,10.69722112,13.84810843,16.0539116,20.1969995,23.1934153,25.96640769,30.52083211,34.19612572,38.75459641,42.52021043,45.62560089,48.08390004,53.88393399
Lao PDR,LAO,Internet users (per 100 people),IT.NET.USER.P2,,,,,,,,,,,,,,,,,,,,,,,,,,,,,,,,,,,,,,,0.009657813992,0.0377807083,0.1110440323,0.1816644607,0.2678992413,0.3339124664,0.3614344903,0.8503574903,1.169893428,1.64,3.55,6,7,9,10.74767619,12.5,14.26,18.2
Lebanon,LBN,Internet users (per 100 people),IT.NET.USER.P2,,,,,,,,,,,,,,,,,,,,,,,,,,,,,,,,,,,,0.07161799078,0.1401669388,1.241079739,2.722352199,5.376809498,7.952743736,6.783219775,7,8,9,10.14,15,18.74,22.53,30.14,43.68,52,61.24978572,70.5,73,74
Liberia,LBR,Internet users (per 100 people),IT.NET.USER.P2,,,,,,,,,,,,,,,,,,,,,,,,,,,,,,,,,,,,,,0.004489442627,0.004099387183,0.01132873185,0.01770270572,0.03381222718,0.03271330712,0.03186893455,0.0310111848,,,0.5513765806,0.53,2,2.3,2.5,2.6,3.2,5.41,5.903867603
Libya,LBY,Internet users (per 100 people),IT.NET.USER.P2,,,,,,,,,,,,,,,,,,,,,,,,,,,,,,,,,,,,,,,,0.1336172892,0.1870426223,0.3665331753,2.244418222,2.814517987,3.532838162,3.917787977,4.301051789,4.721999379,9,10.8,14,14,,16.5,17.76,19.01607978
St. Lucia,LCA,Internet users (per 100 people),IT.NET.USER.P2,,,,,,,,,,,,,,,,,,,,,,,,,,,,,,,,,,,,0.3056566864,0.6704659739,0.9921684834,1.304988973,1.932105802,5.090483341,8.181863954,14.64183577,20.98247346,21.39521236,21.56758295,24.5,27.9,32,36,43.3,44,45.9,46.2,50,52.35
Latin America & Caribbean,LCN,Internet users (per 100 people),IT.NET.USER.P2,,,,,,,,,,,,,,,,,,,,,,,,,,,,,,,,,0.01368500759,0.02990849935,0.05006781237,0.110083607,0.3087232563,0.6095946478,1.229663219,2.052489634,3.90371304,5.650753691,8.887349945,11.28715318,14.40238707,16.62978984,20.75263406,23.70293508,26.50047906,31.03430413,34.70962205,39.34778503,43.18728623,46.26708166,48.77555914,54.4583843
Least developed countries: UN classification,LDC,Internet users (per 100 people),IT.NET.USER.P2,,,,,,,,,,,,,,,,,,,,,,,,,,,,,,,,,,,,,,0.008534538705,0.0210721721,0.05717722698,0.09940509684,0.1446372878,0.2362585413,0.3556210818,0.5548937111,0.7842613682,1.116835644,1.921552692,2.120253873,2.70237865,4.303147709,4.785727275,5.853779567,7.199161324,10.31837634,12.62860122
Low income,LIC,Internet users (per 100 people),IT.NET.USER.P2,,,,,,,,,,,,,,,,,,,,,,,,,,,,,,,,,,,,,0.003233657612,0.01146325935,0.02800046131,0.07211714511,0.1135220805,0.1730081836,0.2584516554,0.4216283201,0.6630634908,0.9105237578,1.135463094,1.359597756,1.869947827,2.366428996,3.331478558,3.710801285,4.650811705,6.131143623,7.518276816,9.460342053
Liechtenstein,LIE,Internet users (per 100 people),IT.NET.USER.P2,,,,,,,,,,,,,,,,,,,,,,,,,,,,,,,,,,,,,,,,,36.51522989,45.11685265,59.47071067,58.80969184,64.00744814,63.37135615,64.21416136,65.08021844,70,75,80,85,89.4077,93.8,95.21,96.6411951
Sri Lanka,LKA,Internet users (per 100 people),IT.NET.USER.P2,,,,,,,,,,,,,,,,,,,,,,,,,,,,,,,,,,,0.002765448181,0.005484435829,0.05446449851,0.1624645482,0.2963511043,0.3484144249,0.6474100109,0.7938218644,1.050422706,1.458580228,1.44615998,1.792046794,2.537566129,3.88,5.8,8.78,12,15,18.2854,21.9,25.8,29.98873755
Lower middle income,LMC,Internet users (per 100 people),IT.NET.USER.P2,,,,,,,,,,,,,,,,,,,,,,,,,,,,,,,,,,,0.002111509855,0.02242194572,0.03923605656,0.07419581747,0.1589519483,0.2771569502,0.5584203759,0.8708687872,1.602176335,2.1117877,2.915722595,3.67140886,4.641275417,5.876746988,7.387108039,8.662123806,11.79512028,14.33124022,17.14083828,19.54519041,24.38222007,28.63206153
Low & middle income,LMY,Internet users (per 100 people),IT.NET.USER.P2,,,,,,,,,,,,,,,,,,,,,,,,,,,,,,,,,,,0.0137053793,0.03832026811,0.07866903907,0.1563161323,0.3591632714,0.7201130151,1.449846129,2.057873274,3.457046683,4.539423451,5.829642994,6.91393249,8.527959732,11.09865076,13.93950914,16.73692172,20.51092908,23.53568623,26.87381689,29.60379072,33.13776179,36.79864752
Lesotho,LSO,Internet users (per 100 people),IT.NET.USER.P2,,,,,,,,,,,,,,,,,,,,,,,,,,,,,,,,,,,,,0.002845939613,0.005584433281,0.0109565327,0.05380445953,0.2118060704,0.2611500631,1.083943137,1.53249659,2.175524339,2.580245484,2.979708187,3.44543126,3.58,3.72,3.86,4.2248,4.58961763,5,11,16.0717077
Late-demographic dividend,LTE,Internet users (per 100 people),IT.NET.USER.P2,,,,,,,,,,,,,,,,,,,,,,,,,,,,,,,,,,0.009999786441,0.0278213012,0.05951775714,0.1406287207,0.2698449264,0.6306457238,1.267915385,2.472150896,3.562359152,5.915906329,8.031483076,10.38615485,12.29309792,15.14196494,19.97998484,25.19966247,30.59873665,36.03501964,40.04646418,44.75117182,48.54960336,51.19122286,54.05925577
Lithuania,LTU,Internet users (per 100 people),IT.NET.USER.P2,,,,,,,,,,,,,,,,,,,,,,,,,,,,,,,,,,,,,0.2774212914,0.9784221573,1.972063745,2.9230547,6.427067495,7.179356994,17.69,25.91,31.23,36.22,43.9,49.9,55.22,59.76,62.12,63.6399774,67.22998933,68.4529,72.13,71.378
Luxembourg,LUX,Internet users (per 100 people),IT.NET.USER.P2,,,,,,,,,,,,,,,,,,,,,,,,,,,,,,,,,0.1531987908,0.3021551214,0.4964861195,1.590941911,5.551653306,7.142704085,11.74555372,17.3879578,22.88732797,36.16342251,39.84,54.55,65.88,70,72.51,78.92,82.23,87.31,90.62,90.02985856,91.94992374,93.7765,94.67,97.3341
Latvia,LVA,Internet users (per 100 people),IT.NET.USER.P2,,,,,,,,,,,,,,,,,,,,,,,,,,,,,,,,,,,,,0.8127170717,2.053454712,3.315267886,4.387409055,6.319062083,7.219345808,21.94,26.98,38.58,46,53.63,59.17,63.41,66.84,68.42,69.74995456,73.11994377,75.2344,75.83,79.2006
"Macao SAR, China",MAC,Internet users (per 100 people),IT.NET.USER.P2,,,,,,,,,,,,,,,,,,,,,,,,,,,,,,,,,,,0.03699337572,0.2800140857,0.7272735981,2.364127672,7.003324245,9.212005085,13.60858974,22.52121677,25.17188016,25.74212398,31.48409738,34.86292717,46.4,47.327,49.24,54,55.198,60.20369672,61.31,65.8,69.78,77.60013186
St. Martin (French part),MAF,Internet users (per 100 people),IT.NET.USER.P2,,,,,,,,,,,,,,,,,,,,,,,,,,,,,,,,,,,,,,,,,,,,,,,,,,,,,,,,
Morocco,MAR,Internet users (per 100 people),IT.NET.USER.P2,,,,,,,,,,,,,,,,,,,,,,,,,,,,,,,,,,,,0.003710491842,0.005675444236,0.02163520307,0.1423007672,0.1755953446,0.6937912448,1.371438101,2.373253192,3.353366681,11.60793477,15.08444452,19.77119157,21.5,33.1,41.3,52,46.1074826,55.41605319,56,56.8,57.08
Monaco,MCO,Internet users (per 100 people),IT.NET.USER.P2,,,,,,,,,,,,,,,,,,,,,,,,,,,,,,,,,,,,,,,,,42.18486345,46.64614236,48.04711717,49.49116892,52.49019668,55.46482606,61.47603971,64.3776824,67.25,70.1,75,80.3,87,90.7,92.4,93.36330202
Moldova,MDA,Internet users (per 100 people),IT.NET.USER.P2,,,,,,,,,,,,,,,,,,,,,,,,,,,,,,,,,,,0.000825390857,0.00345721694,0.004643901025,0.02812880838,0.2608182057,0.6006952687,1.282846417,1.487812952,3.787242799,7.407544584,10.62939084,14.63027046,19.62064771,20.45,23.39,27.5,32.3,38,43.37,45,46.6,49.83693954
Madagascar,MDG,Internet users (per 100 people),IT.NET.USER.P2,,,,,,,,,,,,,,,,,,,,,,,,,,,,,,,,,,,,,0.003695195721,0.01433364703,0.06256102306,0.1686087813,0.196394691,0.2225115862,0.3397201546,0.4232524193,0.5253536549,0.5677218022,0.6075522389,0.65,1.65,1.63,1.7,1.9,2.3,3,3.7,4.17397219
Maldives,MDV,Internet users (per 100 people),IT.NET.USER.P2,,,,,,,,,,,,,,,,,,,,,,,,,,,,,,,,,,,,,0.2269300897,0.3094442381,0.5696274636,1.119908615,2.203872939,3.617290649,5.347765169,5.97659285,6.588254875,6.869605067,11.03635278,16.3,23.2,24.8,26.53,34,38.9301,44.1,49.28,54.46195515
Middle East & North Africa,MEA,Internet users (per 100 people),IT.NET.USER.P2,,,,,,,,,,,,,,,,,,,,,,,,,,,,,,,0.00196039039,,,,,0.03714385369,0.08442336617,0.2277439794,0.4873217352,0.9189178038,1.693012704,2.076649891,3.757208895,5.12923074,8.351298094,9.753068168,11.79240225,15.04136038,18.73683788,21.59770331,24.8526292,27.69676649,31.26995992,34.66623096,39.70053211,43.70753337
Mexico,MEX,Internet users (per 100 people),IT.NET.USER.P2,,,,,,,,,,,,,,,,,,,,,,,,,,,,,,,,0.005880694931,0.01730780987,0.02830504158,0.04333916679,0.1025641899,0.2004062803,0.6273115396,1.265783278,1.857436221,5.081384153,7.038023117,11.9,12.9,14.1,17.21,19.52,20.81,21.71,26.34,31.05,37.17629541,39.75,43.46,44.39,57.43104299
Marshall Islands,MHL,Internet users (per 100 people),IT.NET.USER.P2,,,,,,,,,,,,,,,,,,,,,,,,,,,,,,,,,,,,,0.03705943163,,,0.9660715666,1.534271796,1.706614078,2.335444575,2.569750367,3.599776814,3.878702398,3.795590214,3.95,4.6,5.6,7,10,12.5,14,16.8,19.2824418
Middle income,MIC,Internet users (per 100 people),IT.NET.USER.P2,,,,,,,,,,,,,,,,,,,,,,,,,,,,,,,,,,0.006077861427,0.01392144659,0.03978383967,0.0843670403,0.1682148127,0.3872865153,0.7750954183,1.569720425,2.229892564,3.753242329,4.924354332,6.318634484,7.485531919,9.231788531,12.06711444,15.16697861,18.21968268,22.29699438,25.62749728,29.26599285,32.10584714,35.90266384,39.79636329
"Macedonia, FYR",MKD,Internet users (per 100 people),IT.NET.USER.P2,,,,,,,,,,,,,,,,,,,,,,,,,,,,,,,,,,,,0.04074383991,0.07599573411,0.5039850095,1.002861666,1.49733026,2.485566316,3.468184608,17.33,19.07,24.44,26.45,28.62,36.3,46.04,51.77,51.9,56.7,57.44994731,65.24,68.06,70.3802
Mali,MLI,Internet users (per 100 people),IT.NET.USER.P2,,,,,,,,,,,,,,,,,,,,,,,,,,,,,,,,,,,,,0.002055228089,0.01008591892,0.01979388822,0.06090987338,0.142545755,0.1858974133,0.2270455785,0.3103644432,0.4328196399,0.507063136,0.7296272808,0.81,1.57,1.8,2,2.2,2.8,3.5,7,10.33692498
Malta,MLT,Internet users (per 100 people),IT.NET.USER.P2,,,,,,,,,,,,,,,,,,,,,,,,,,,,,,,,,,,,0.2249956986,1.051527475,3.920605132,6.500783995,7.759798038,13.11370871,17.87784832,28.92,31.64,34.62,41.24,40.41,46.9,50.08,58.86,63,68.01982379,68.19987429,68.9138,73.17,76.184
Myanmar,MMR,Internet users (per 100 people),IT.NET.USER.P2,,,,,,,,,,,,,,,,,,,,,,,,,,,,,,,,,,,,,,,,0.0001517093526,,0.0002892773808,0.0004264935064,0.02406414914,0.024337392,0.0652388555,0.1820483311,0.2171284451,0.22,0.22,0.25,0.98,1.44,1.8,11.52,21.8
Middle East & North Africa (excluding high income),MNA,Internet users (per 100 people),IT.NET.USER.P2,,,,,,,,,,,,,,,,,,,,,,,,,,,,,,,,,,,0.002825688653,0.01314405892,0.0258900856,0.07445152821,0.1582242768,0.4166266052,0.8422077414,1.141369247,2.816710081,4.050096396,7.416945667,8.539218727,9.912249749,11.84823861,14.96713748,17.67142463,20.61891636,22.76705108,25.79288297,28.97874379,34.17636192,38.20625385
Montenegro,MNE,Internet users (per 100 people),IT.NET.USER.P2,,,,,,,,,,,,,,,,,,,,,,,,,,,,,,,,,,,,,,,,,,,,,25.3500686,27.1,28.9,30.8,32.9,35.1,37.5,35.61154125,56.83878255,60.31,61,64.56499314
Mongolia,MNG,Internet users (per 100 people),IT.NET.USER.P2,,,,,,,,,,,,,,,,,,,,,,,,,,,,,,,,,,,,0.008811224795,0.01816074933,0.1127425537,0.1458105415,0.5084715599,1.255652004,1.653238239,2.039572603,,,,,9,9.8,10,10.2,12.49999111,16.4,17.69998424,19.94244743,21.43603111
Northern Mariana Islands,MNP,Internet users (per 100 people),IT.NET.USER.P2,,,,,,,,,,,,,,,,,,,,,,,,,,,,,,,,,,,,,,,,,,,,,,,,,,,,,,,,
Mozambique,MOZ,Internet users (per 100 people),IT.NET.USER.P2,,,,,,,,,,,,,,,,,,,,,,,,,,,,,,,,,,,,,0.003042978789,0.01184261076,0.02019705517,0.05625062895,0.10959253,0.1600319466,0.2596126113,0.4195388439,0.6794478354,0.8543571181,0.842954488,0.91,1.56,2.68,4.17,4.3,4.8491,5.4,5.94,9
Mauritania,MRT,Internet users (per 100 people),IT.NET.USER.P2,,,,,,,,,,,,,,,,,,,,,,,,,,,,,,,,,,,,,,0.004172527329,0.04059479494,0.1184644636,0.1920314624,0.261448552,0.3632294146,0.4240048958,0.4814704382,0.6699664749,0.9796612527,1.433613196,1.87,2.28,4,4.5,5,6.2,10.7,15.19912669
Mauritius,MUS,Internet users (per 100 people),IT.NET.USER.P2,,,,,,,,,,,,,,,,,,,,,,,,,,,,,,,,,,,,,0.1837691579,0.4756291926,2.565279962,4.652213227,7.281535115,8.780904019,10.25262467,12.1871062,13.68908859,15.17222875,16.7,20.22,21.81,22.51,28.33,34.95,35.42,40.11682514,44.80327537,50.13931848
Malawi,MWI,Internet users (per 100 people),IT.NET.USER.P2,,,,,,,,,,,,,,,,,,,,,,,,,,,,,,,,,,,,,,0.004668517952,0.01805736518,0.0872787549,0.1267809448,0.1640207253,0.2150947265,0.2788151163,0.347505335,0.3844893341,0.4251374896,0.9658647366,0.7,1.07,2.26,3.33,4.3506,5.05,5.83,9.298148347
Malaysia,MYS,Internet users (per 100 people),IT.NET.USER.P2,,,,,,,,,,,,,,,,,,,,,,,,,,,,,,,,,0.00104782235,0.02553847752,0.09960741729,0.1456738367,0.8520444665,2.307393234,6.751770483,12.3055022,21.38473116,26.6959725,32.33820434,34.97115234,42.25226563,48.62917025,51.63798899,55.7,55.8,55.9,56.3,61,65.8,57.05751226,63.66542588,71.06406781
North America,NAC,Internet users (per 100 people),IT.NET.USER.P2,,,,,,,,,,,,,,,,,,,,,,,,,,,,,,,0.7430370883,1.104950936,1.64464582,2.164532216,4.617876749,8.73682317,15.46949977,20.97513407,29.58557051,35.88247997,43.87937411,50.16202125,59.0571969,61.93974087,64.87424722,68.32787479,69.27045383,74.82360509,74.26650299,71.91664651,72.54048364,71.04254959,75.5235834,72.83028818,74.40481529,75.93725156
Namibia,NAM,Internet users (per 100 people),IT.NET.USER.P2,,,,,,,,,,,,,,,,,,,,,,,,,,,,,,,,,,,,0.006172050855,0.009032145405,0.05875067857,0.2867450934,0.3362177077,1.644739547,2.416979442,2.633699769,3.359839886,3.804715615,4.010046644,4.398870647,4.835610778,5.329003772,6.5,11.6,12,12.9414,13.9,14.84,22.30701479
New Caledonia,NCL,Internet users (per 100 people),IT.NET.USER.P2,,,,,,,,,,,,,,,,,,,,,,,,,,,,,,,,,,,,0.005179012569,0.2529839456,0.989334969,1.936042825,5.688147323,13.93954882,18.23710978,22.38979742,26.40833447,30.29804621,32.35901475,33.51571468,35.05,34.51,33.99,42,50,58,66,70,74.00175279
Niger,NER,Internet users (per 100 people),IT.NET.USER.P2,,,,,,,,,,,,,,,,,,,,,,,,,,,,,,,,,,,,,0.001039304522,0.002008766054,0.002911502833,0.02813602229,0.03626129381,0.1051854314,0.1271524688,0.1556987037,0.1899337337,0.2213413515,0.2940339771,0.3903906198,0.7,0.76,0.83,1.3,1.4077,1.7,1.95,2.22016535
Nigeria,NGA,Internet users (per 100 people),IT.NET.USER.P2,,,,,,,,,,,,,,,,,,,,,,,,,,,,,,,,,,,,,0.008832980441,0.01723740074,0.02523146102,0.04103872291,0.06408080795,0.08990137046,0.3204619755,0.5585762449,1.286137641,3.549155718,5.545036083,6.77,15.86,20,24,28.43,32.8,38,42.68,47.44255029
Nicaragua,NIC,Internet users (per 100 people),IT.NET.USER.P2,,,,,,,,,,,,,,,,,,,,,,,,,,,,,,,,,,,0.01316622757,0.03004647761,0.08409329142,0.2062168184,0.3038089746,0.4979016433,0.9802164867,1.448799428,1.714729584,1.880412532,2.320664609,2.566351177,2.805573063,3.9,5.3,7.3,10,10.6,13.5,15.5,17.6,19.7042915
Netherlands,NLD,Internet users (per 100 people),IT.NET.USER.P2,,,,,,,,,,,,,,,,,,,,,,,,,,,,,,,0.334386942,0.5314961284,1.320008028,1.967087737,3.257308831,6.47315766,9.649069145,14.0655114,22.24382769,39.17600725,43.98435137,49.37306211,61.29,64.35,68.52,81,83.7,85.82,87.42,89.63,90.72,91.41999576,92.85999236,93.9564,93.17,93.0965
Norway,NOR,Internet users (per 100 people),IT.NET.USER.P2,,,,,,,,,,,,,,,,,,,,,,,,,,,,,,,0.7072994482,1.407395158,2.216365832,2.783990846,4.152450292,6.423220493,18.25031077,20.41788144,22.56011255,40,52,64,72.84,78.13,77.69,81.99,82.55,86.93,90.57,92.08,93.39,93.48998265,94.64997805,95.0534,96.3,96.8103
Nepal,NPL,Internet users (per 100 people),IT.NET.USER.P2,,,,,,,,,,,,,,,,,,,,,,,,,,,,,,,,,,,,0.0009248775601,0.004510472754,0.02199885756,0.06439359564,0.1466688692,0.2046516837,0.2400153034,0.3129560601,0.382810917,0.4498436512,0.8265512659,1.141389164,1.41,1.73,1.97,7.93,9,11.1493,13.3,15.44,17.58161801
Nauru,NRU,Internet users (per 100 people),IT.NET.USER.P2,,,,,,,,,,,,,,,,,,,,,,,,,,,,,,,,,,,,,,,,,,2.987155233,,,,,,,,,,54,,,,
New Zealand,NZL,Internet users (per 100 people),IT.NET.USER.P2,,,,,,,,,,,,,,,,,,,,,,,,,,,,,,,,,0.2859412414,0.6312153673,3.168718848,4.88424078,8.041899368,14.6015244,31.63626081,41.49448266,47.37955654,53.24101529,59.08075328,60.96253987,61.84762781,62.72021237,69,69.76,72.03,79.7,80.46,81.23,82,82.78,85.5,88.22288882
OECD members,OED,Internet users (per 100 people),IT.NET.USER.P2,,,,,,,,,,,,,,,,,,,,,,,,,,,,,,,0.2459090194,0.4333883477,0.6679015839,0.8815984732,1.777223317,3.348463076,6.107924932,9.558868349,14.30898965,20.65757942,27.88383874,33.39801691,41.52482604,45.72098464,50.52910154,54.14682857,56.60755682,61.87614113,63.91264904,65.32168712,67.62063433,68.55298836,70.95077209,72.25445277,74.26105522,77.24348746
Oman,OMN,Internet users (per 100 people),IT.NET.USER.P2,,,,,,,,,,,,,,,,,,,,,,,,,,,,,,,,,,,,,,0.4397928048,0.8627253061,2.515665987,3.520421417,5.893841521,6.873396039,7.255742945,6.75885217,6.68358142,8.299716673,16.68,20,26.8,35.8278,48,60,66.45,70.22,74.17416597
Other small states,OSS,Internet users (per 100 people),IT.NET.USER.P2,,,,,,,,,,,,,,,,,,,,,,,,,,,,,,,,,,,,,0.8565206673,1.519964497,2.615578178,3.448834442,5.520273486,6.811336251,8.870401996,10.62077102,12.44129969,13.15172829,14.53679537,16.39134864,18.91716643,20.88571962,24.24058748,27.29124162,29.75500507,33.13351405,36.78099244,40.39556383
Pakistan,PAK,Internet users (per 100 people),IT.NET.USER.P2,,,,,,,,,,,,,,,,,,,,,,,,,,,,,,,,,,,,0.0001227018556,0.00299173049,0.02754923794,0.04394771925,0.05535723787,,1.318550779,2.577426737,5.041158126,6.164320985,6.332329098,6.5,6.8,7,7.5,8,9,9.96,10.9,13.8,18
Panama,PAN,Internet users (per 100 people),IT.NET.USER.P2,,,,,,,,,,,,,,,,,,,,,,,,,,,,,,,,,,,0.007636899052,0.05612304266,0.219998526,0.5390655407,2.750648071,3.836864509,6.554796477,7.268399878,8.518077815,9.987424077,11.14086254,11.48400928,17.34956617,22.29,33.82,39.08,40.1,42.7,40.30189522,44.03,44.92,51.20542499
Peru,PER,Internet users (per 100 people),IT.NET.USER.P2,,,,,,,,,,,,,,,,,,,,,,,,,,,,,,,,,,,0.008504578333,0.03341230471,0.24623258,0.4034297011,1.19038044,1.952497608,3.076430611,7.578762957,8.96694917,11.6,14.1,17.1,20.7,25.2,30.57,31.4,34.77,36.01,38.2,39.2,40.2,40.9
Philippines,PHL,Internet users (per 100 people),IT.NET.USER.P2,,,,,,,,,,,,,,,,,,,,,,,,,,,,,,,,,,,0.005844253479,0.02858570182,0.05594602853,0.1369129629,1.103405994,1.431608803,1.982253196,2.52400566,4.332275746,4.857672267,5.243628452,5.397636329,5.740586325,5.97,6.22,9,25,29,36.2351,37,39.69,40.7
Palau,PLW,Internet users (per 100 people),IT.NET.USER.P2,,,,,,,,,,,,,,,,,,,,,,,,,,,,,,,,,,,,,,,,,,,20.24393947,21.60152718,26.97033263,,,,,,,,,,,
Papua New Guinea,PNG,Internet users (per 100 people),IT.NET.USER.P2,,,,,,,,,,,,,,,,,,,,,,,,,,,,,,,,,,,,,0.002067022801,0.100588321,0.2349585416,0.6671133149,0.8352493024,0.9041035452,1.321656935,1.374404668,1.507912772,1.716190476,1.754487261,1.790559361,1.15,1.61,1.28,2,3.5,5.1,6.5,7.9
Poland,POL,Internet users (per 100 people),IT.NET.USER.P2,,,,,,,,,,,,,,,,,,,,,,,,,,,,,,,,0.005229468147,0.05212718125,0.1299617039,0.3890981444,0.6477523331,1.295200255,2.073465474,4.102272002,5.45644373,7.285428708,9.900669707,21.15,24.87,32.53,38.81,44.58,48.6,53.13,58.97,62.32,61.94999897,62.30999727,62.8492,66.6,67.997
Pre-demographic dividend,PRE,Internet users (per 100 people),IT.NET.USER.P2,,,,,,,,,,,,,,,,,,,,,,,,,,,,,,,,,,,,,0.004823667362,0.01391077057,0.02844746355,0.0730802208,0.1230980762,0.1869579281,0.3635427778,0.6450234949,0.9899689736,1.727029633,2.716785191,3.524059456,5.746635821,7.149746509,9.426763683,11.52358938,13.75177462,16.14504987,18.47942146,21.0710908
Puerto Rico,PRI,Internet users (per 100 people),IT.NET.USER.P2,,,,,,,,,,,,,,,,,,,,,,,,,,,,,,,,,,,0.02725466239,0.1351027835,0.2681604275,1.331822159,2.647646679,5.265682651,10.47464821,15.63003092,17.54764757,19.70702566,22.13073823,23.40005045,25.44241821,27.86,38,41.5,45.3,48,68.9999826,68.99999,76.13385972,79.46876883
"Korea, Dem. Peoples Rep.",PRK,Internet users (per 100 people),IT.NET.USER.P2,,,,,,,,,,,,,,,,,,,,,,,,,,,,,,,,,,,,,,,,,,,,,,,,,,,,,,,,
Portugal,PRT,Internet users (per 100 people),IT.NET.USER.P2,,,,,,,,,,,,,,,,,,,,,,,,,,,,,,,,0.1002305704,0.2504265014,0.450161608,0.7189057536,1.494334529,2.98087767,4.953001955,9.870446442,14.74233784,16.43046769,18.08713656,19.37,29.67,31.78,34.99,38.01,42.09,44.13,48.27,53.3,55.24999688,60.33999749,62.0956,64.59,68.6329
Paraguay,PRY,Internet users (per 100 people),IT.NET.USER.P2,,,,,,,,,,,,,,,,,,,,,,,,,,,,,,,,,,,,,0.02035961182,0.09957671928,0.1949049507,0.3816573202,0.7476307115,1.098793836,1.794969598,2.111942082,3.452438431,7.907007861,7.962073884,11.21,14.27,18.9,19.8,24.76351588,29.34,36.9,43,44.38159692
Pacific island small states,PSS,Internet users (per 100 people),IT.NET.USER.P2,,,,,,,,,,,,,,,,,,,,,,,,,,,,,,,,,,,,0.02170898055,0.1310979216,0.2850801514,0.6122379648,0.8705621296,1.458222094,1.860853873,3.996478139,4.548423839,5.174474906,5.582895212,6.498386173,7.397865573,8.69695568,10.87792033,12.98691854,17.67352103,20.90334677,22.92465917,26.68750547,29.78284146
Post-demographic dividend,PST,Internet users (per 100 people),IT.NET.USER.P2,,,,,,,,,,,,,,,,,,,,,,,,,,,,,,,0.272078071,0.4955950221,0.7772351731,1.009937628,2.013001237,3.750367104,6.82563169,10.68373347,15.921655,22.94283592,30.5723617,36.6531581,44.71575125,49.79800769,54.97633483,58.50392997,60.42210072,65.66937409,67.6511373,68.84253724,70.95460509,71.42468541,74.21958686,75.69817015,77.83512053,79.77495336
French Polynesia,PYF,Internet users (per 100 people),IT.NET.USER.P2,,,,,,,,,,,,,,,,,,,,,,,,,,,,,,,,,,,,,0.09097194425,0.2143852503,1.316164696,3.448900232,6.357063545,6.251588946,8.200216486,14.12429379,17.88453743,21.54218547,25.10796425,28.59,33.87,44.6,49,49,52.87663059,56.8,60.68,64.56020975
Qatar,QAT,Internet users (per 100 people),IT.NET.USER.P2,,,,,,,,,,,,,,,,,,,,,,,,,,,,,,,,,,,,0.1902095348,0.9301858325,3.083749186,3.52002985,4.070728915,4.863679179,6.170268561,10.22612893,19.24233642,20.70164785,24.73349378,28.97411271,37,44.3,53.1,69,69,69.3,85.3,91.49,92.88482645
Romania,ROU,Internet users (per 100 people),IT.NET.USER.P2,,,,,,,,,,,,,,,,,,,,,,,,,,,,,,,,,,0.003703214299,0.02630016164,0.07495275551,0.2216226492,0.4454446756,2.237649473,2.697580217,3.613717291,4.538669029,6.58,8.9,15,21.5,24.66,28.3,32.42,36.6,39.93,40.00999678,45.87999425,49.7645,54.08,55.7632
Russian Federation,RUS,Internet users (per 100 people),IT.NET.USER.P2,,,,,,,,,,,,,,,,,,,,,,,,,,,,,,,,,0.000672532174,0.01344723789,0.05381749272,0.1481510423,0.2697529297,0.472963763,0.8127444507,1.018984614,1.977230109,2.944367787,4.128271818,8.298860616,12.8593889,15.2266732,18.02327746,24.66,26.83,29,43,49,63.8,67.97,70.52,73.41
Rwanda,RWA,Internet users (per 100 people),IT.NET.USER.P2,,,,,,,,,,,,,,,,,,,,,,,,,,,,,,,,,,,,,0.0008833716245,0.001625791029,0.01176357277,0.06717648243,0.06283145951,0.2406724098,0.2927847188,0.3569184673,0.4308542434,0.5560411648,,2.115387178,4.5,7.7,8,7,8.023854277,9,10.6,18
South Asia,SAS,Internet users (per 100 people),IT.NET.USER.P2,,,,,,,,,,,,,,,,,,,,,,,,,,,,,,,,,0.0001089829093,0.0002135878739,0.001078738763,0.02247238956,0.04079870088,0.0600474205,0.1170136778,0.2263170054,0.473920912,0.6635562042,1.462545237,1.843164413,2.184376036,2.546688328,2.983348307,3.973400118,4.416823408,5.157112647,7.206545642,9.393092787,11.5120098,13.74662379,19.26777723,23.62794112
Saudi Arabia,SAU,Internet users (per 100 people),IT.NET.USER.P2,,,,,,,,,,,,,,,,,,,,,,,,,,,,,,,,,,,,0.01095613356,0.0267326514,0.05209903088,0.1014298927,0.4935853402,2.210691809,4.681053166,6.38470502,8.001582891,10.234533,12.70503599,19.45955435,30,36,38,41,47.5,54,60.5,64.71365737,69.6162358
Sudan,SDN,Internet users (per 100 people),IT.NET.USER.P2,,,,,,,,,,,,,,,,,,,,,,,,,,,,,,,,,,,,,,0.001231818968,0.004805071032,0.008794580756,0.02578503248,0.1401852245,0.4394776391,0.5384717032,0.7915616154,1.292040678,,8.66,,,16.7,17.46,21,22.7,24.64,26.61492855
Senegal,SEN,Internet users (per 100 people),IT.NET.USER.P2,,,,,,,,,,,,,,,,,,,,,,,,,,,,,,,,,,,,0.0006928481672,0.01123821912,0.02734744148,0.07987137939,0.3110909524,0.4039674859,0.9837940588,1.006454537,2.10143643,4.38602398,4.786684083,5.611738652,6.89,7.12,7.5,8,9.8,10.8,13.1,17.7,21.69026413
Singapore,SGP,Internet users (per 100 people),IT.NET.USER.P2,,,,,,,,,,,,,,,,,,,,,,,,,,,,,,,,0.1615044984,0.4713681555,0.7632781392,1.185203797,2.873418722,8.34995903,13.47162042,19.59076716,24.15543693,36,41.67042518,47,53.83794329,62,61,59,69.9,69,69,71,71,72,80.90205685,79.02923586,82.103
Solomon Islands,SLB,Internet users (per 100 people),IT.NET.USER.P2,,,,,,,,,,,,,,,,,,,,,,,,,,,,,,,,,,,,0.02487190967,0.2686835848,0.3919232458,0.508292797,0.4945414982,0.4812968061,0.4685519636,0.5019198434,0.5556098819,0.6496726733,0.8443075728,1.646347989,2,3,4,5,6,6.9974,8,9,10.00046498
Sierra Leone,SLE,Internet users (per 100 people),IT.NET.USER.P2,,,,,,,,,,,,,,,,,,,,,,,,,,,,,,,,,,,,,0.002506116177,0.004987834671,0.01480506541,0.04849065561,0.1182542457,0.1602644455,0.1761989568,0.1901732817,0.2030076806,0.2153916103,0.2276694672,0.2398346985,0.25,0.26,0.58,0.9,1.3,1.7,2.1,2.5
El Salvador,SLV,Internet users (per 100 people),IT.NET.USER.P2,,,,,,,,,,,,,,,,,,,,,,,,,,,,,,,,,,,,,0.08638958073,0.2569606794,0.4252536723,0.8454287414,1.177397269,1.5,1.9,2.5,3.2,4.2,5.5,6.11,10.08,12.11,15.9,18.9,20.32138772,23.1093,24.76171215,26.91507533
San Marino,SMR,Internet users (per 100 people),IT.NET.USER.P2,,,,,,,,,,,,,,,,,,,,,,,,,,,,,,,,,,,,1.362132711,1.428075186,1.41854848,1.408557941,42.80331575,48.79949531,50.34166909,50.83483994,50.00345304,50.56634304,50.2595642,50.20865936,50.36482211,54.52,54.21,,49.6,,,,
Somalia,SOM,Internet users (per 100 people),IT.NET.USER.P2,,,,,,,,,,,,,,,,,,,,,,,,,,,,,,,,,,,,,0.001509550397,0.002948713034,0.00716442,0.01391039397,0.02,0.07903917867,0.1156142134,0.3761980025,1.053454744,1.077327839,1.100216368,1.122235622,1.142687372,1.160610542,,1.25,1.3767,1.5,1.63,1.76
Serbia,SRB,Internet users (per 100 people),IT.NET.USER.P2,,,,,,,,,,,,,,,,,,,,,,,,,,,,,,,,,,,,,,,,,,,,,23.5,26.3,27.2,33.15,35.6,38.1,40.9,42.2,48.1,53.45036418,62.07508046,65.3170254
Sub-Saharan Africa (excluding high income),SSA,Internet users (per 100 people),IT.NET.USER.P2,,,,,,,,,,,,,,,,,,,,,,,,,,,,,,,,,,,,,0.06864275572,0.1286349921,0.2337070812,0.3589718734,0.5002889466,0.6410089442,0.8275182465,1.107653467,1.503376167,2.041749965,2.921900593,3.666278757,5.612712778,6.922015421,9.772200583,12.10548202,14.6094728,17.11823213,19.5723979,22.38466453
South Sudan,SSD,Internet users (per 100 people),IT.NET.USER.P2,,,,,,,,,,,,,,,,,,,,,,,,,,,,,,,,,,,,,,,,,,,,,,,,,,,7,,,14.1,15.9,17.92978723
Sub-Saharan Africa,SSF,Internet users (per 100 people),IT.NET.USER.P2,,,,,,,,,,,,,,,,,,,,,,,,,,,,,,,,,,,,,0.06872217789,0.1287797886,0.233989844,0.3596849947,0.5011162478,0.642242042,0.8291086373,1.109244376,1.506041597,2.044469415,2.925828755,3.670158994,5.616740719,6.922015421,9.775497398,12.10872903,14.61288055,17.1216113,19.57576513,22.38805971
Small states,SST,Internet users (per 100 people),IT.NET.USER.P2,,,,,,,,,,,,,,,,,,,,,,,,,,,,,,,,,,,,,0.7227179883,1.287617069,2.314789515,3.252926632,5.102837368,6.809864803,9.127928203,11.05361359,12.83227358,13.87390933,15.4979286,17.49552325,20.06902383,22.48638207,25.82915549,29.69383072,31.81846491,34.99790476,38.53839019,41.93455097
Sao Tome and Principe,STP,Internet users (per 100 people),IT.NET.USER.P2,,,,,,,,,,,,,,,,,,,,,,,,,,,,,,,,,,,,,,,0.2958470471,0.3632031613,4.638516816,6.310917888,7.580665169,10.16184431,13.32285269,13.75948422,14.18201978,14.5904832,15.48,16.41,18.75,20.1612,21.5724,23,24.41,25.8222488
Suriname,SUR,Internet users (per 100 people),IT.NET.USER.P2,,,,,,,,,,,,,,,,,,,,,,,,,,,,,,,,,,,,0.1147207353,0.2263062965,1.003086936,1.670148436,1.891871357,2.506411052,3.064448389,4.161568745,4.719875395,6.076047814,6.403086288,9.499626942,14.11,21.06,31.36,31.59,32,34.6812,37.4,40.08,42.76382778
Slovak Republic,SVK,Internet users (per 100 people),IT.NET.USER.P2,,,,,,,,,,,,,,,,,,,,,,,,,,,,,,,,,,0.1278292322,0.3185097043,0.5232101634,0.7832901094,1.173381014,2.689809786,5.437758139,9.426803201,12.52832185,40.14,43.04,52.89,55.19,56.08,61.8,66.05,70,75.71,74.43999717,76.70999012,77.8826,79.98,85.01951406
Slovenia,SVN,Internet users (per 100 people),IT.NET.USER.P2,,,,,,,,,,,,,,,,,,,,,,,,,,,,,,,,,,0.4097923992,1.071570172,2.898985609,5.072272271,7.591923004,10.10460285,12.61093843,15.11025956,30.17591047,27.83888542,31.85479301,40.81,46.81,54.01,56.74,58,64,70,67.33999481,68.34997453,72.6756,71.59,73.0987
Sweden,SWE,Internet users (per 100 people),IT.NET.USER.P2,,,,,,,,,,,,,,,,,,,,,,,,,,,,,,,0.5841920665,1.160519453,1.497871352,1.716364182,3.412810096,5.098024244,9.04359976,23.72794756,33.46751233,41.43278316,45.68765221,51.76566494,70.57,79.13,83.89,84.83,87.76,82.01,90,91,90,92.76998606,93.17998801,94.7836,92.52,90.6102
Swaziland,SWZ,Internet users (per 100 people),IT.NET.USER.P2,,,,,,,,,,,,,,,,,,,,,,,,,,,,,,,,,,,,0.001031750044,0.05039900895,0.08854598636,0.09609960532,0.4707175996,0.9261917773,1.28159005,1.816203807,2.437073851,3.228685073,3.696961073,3.696538789,4.1,6.85,8.94,11.04,18.13,20.78178258,24.7,27.1,30.38270066
Sint Maarten (Dutch part),SXM,Internet users (per 100 people),IT.NET.USER.P2,,,,,,,,,,,,,,,,,,,,,,,,,,,,,,,,,,,,,,,,,,,,,,,,,,,,,,,,
Seychelles,SYC,Internet users (per 100 people),IT.NET.USER.P2,,,,,,,,,,,,,,,,,,,,,,,,,,,,,,,,,,,,,0.6514742863,1.28295593,2.526177514,6.229054803,7.395629183,11.01510293,14.30417083,14.59250432,24.27213922,25.41326815,34.95197117,38.38,40.44,,41,43.16400446,47.076,50.4,54.26,58.11869757
Syrian Arab Republic,SYR,Internet users (per 100 people),IT.NET.USER.P2,,,,,,,,,,,,,,,,,,,,,,,,,,,,,,,,,,,,,,0.03260781382,0.06368728625,0.1242954622,0.1816985801,0.35375913,2.093101019,3.397972614,4.321593778,5.648106049,7.832551569,11.5,14,17.3,20.7,22.5,24.3001,26.2,28.09,29.97979724
Turks and Caicos Islands,TCA,Internet users (per 100 people),IT.NET.USER.P2,,,,,,,,,,,,,,,,,,,,,,,,,,,,,,,,,,,,,,,,,,,,,,,,,,,,,,,,
Chad,TCD,Internet users (per 100 people),IT.NET.USER.P2,,,,,,,,,,,,,,,,,,,,,,,,,,,,,,,,,,,,,,0.0006581683097,0.004268504477,0.0123217277,0.03570707629,0.04593413436,0.1660696647,0.3203085554,0.360920107,0.3992577001,0.5810457642,0.8472245207,1.19,1.5,1.7,1.9,2.1,2.3,2.5,2.700000001
East Asia & Pacific (IDA & IBRD countries),TEA,Internet users (per 100 people),IT.NET.USER.P2,,,,,,,,,,,,,,,,,,,,,,,,,,,,,,,,,,0.001162404139,0.004032794314,0.01304495669,0.03370922342,0.09548786893,0.3283797507,0.8641208133,1.921721494,2.814188079,4.46079753,5.835218074,6.972645946,8.424335728,10.30222372,14.56319688,19.50112271,24.06571995,29.31742709,32.78710741,36.56824335,39.24711359,41.9051896,44.98204897
Europe & Central Asia (IDA & IBRD countries),TEC,Internet users (per 100 people),IT.NET.USER.P2,,,,,,,,,,,,,,,,,,,,,,,,,,,,,,,,,,0.02434104053,0.07662807609,0.1465619869,0.299732725,0.5366822674,1.021316108,1.530488031,2.496701747,3.599200829,6.590833094,9.111829432,12.94057625,15.04820762,17.8307096,23.05912683,26.64793977,30.44366631,38.16688634,42.60976996,49.87290343,53.7257328,57.73570264,60.71874648
Togo,TGO,Internet users (per 100 people),IT.NET.USER.P2,,,,,,,,,,,,,,,,,,,,,,,,,,,,,,,,,,,,,0.01092913853,0.2111394648,0.3055839352,0.5903632643,0.8,0.9,1,1.2,1.5,1.8,2,2.2,2.4,2.6,3,3.5,4,4.5,5.7,7.12
Thailand,THA,Internet users (per 100 people),IT.NET.USER.P2,,,,,,,,,,,,,,,,,,,,,,,,,,,,,,,,5.22E-05,0.0003437249698,0.01358096572,0.03861432074,0.07482533771,0.1154721363,0.3605221849,1.091218985,2.426242432,3.689041279,5.556326121,7.531250335,9.299027238,10.67730332,15.02600436,17.16071472,20.03,18.2,20.1,22.4,23.66992562,26.46,28.94,34.89,39.31612674
Tajikistan,TJK,Internet users (per 100 people),IT.NET.USER.P2,,,,,,,,,,,,,,,,,,,,,,,,,,,,,,,,,,,,,,,,0.03279185778,0.04859959458,0.05125913254,0.05546282699,0.06458377715,0.07747990714,0.2986900237,3.772406207,7.197619518,8.78,10.07,11.55,13.03,14.51,16,17.49,18.98
Turkmenistan,TKM,Internet users (per 100 people),IT.NET.USER.P2,,,,,,,,,,,,,,,,,,,,,,,,,,,,,,,,,,,,,,,,0.04502077033,0.1332821826,0.1752095177,0.3021320162,0.4251826319,0.7540539827,0.9972565585,1.319573118,1.406360688,1.75,1.95,3,5,7.1958,9.6,12.2,14.99677482
Latin America & the Caribbean (IDA & IBRD countries),TLA,Internet users (per 100 people),IT.NET.USER.P2,,,,,,,,,,,,,,,,,,,,,,,,,,,,,,,,,0.01368500759,0.02991108055,0.05004422061,0.1111695263,0.3130955649,0.6144423097,1.238504815,2.063132455,3.921660755,5.664641616,8.91296822,11.33053915,14.44717799,16.69721392,20.89217131,23.89436944,26.66732789,31.27015221,34.98117776,39.7058715,43.4061166,46.43565191,48.93643043,54.70371768
Middle East & North Africa (IDA & IBRD countries),TMN,Internet users (per 100 people),IT.NET.USER.P2,,,,,,,,,,,,,,,,,,,,,,,,,,,,,,,,,,,0.002825688653,0.01314405892,0.0258900856,0.07445152821,0.1582242768,0.4166266052,0.8387559527,1.133143863,2.813341422,4.049137072,7.452944206,8.449838595,9.810043371,11.73540205,14.85277889,17.4928668,20.41158945,22.53908189,25.56783204,28.75580733,33.92765813,37.95898158
Timor-Leste,TLS,Internet users (per 100 people),IT.NET.USER.P2,,,,,,,,,,,,,,,,,,,,,,,,,,,,,,,,,,,,,,,,,,,,,,0.09903176782,0.1166282765,0.1409587639,0.1638768156,0.1852515098,0.21,0.9,2.3,8,11.3,13.4
Tonga,TON,Internet users (per 100 people),IT.NET.USER.P2,,,,,,,,,,,,,,,,,,,,,,,,,,,,,,,,,,,,0.12323112,0.1637934565,0.5108661224,0.7651343576,1.01796712,2.434398044,2.825371839,2.907297316,2.985817368,3.952373895,4.907782762,5.853944095,7.179865329,8.110769944,10,16,25,33,35,40,44.99951883
South Asia (IDA & IBRD),TSA,Internet users (per 100 people),IT.NET.USER.P2,,,,,,,,,,,,,,,,,,,,,,,,,,,,,,,,,0.0001089829093,0.0002135878739,0.001078738763,0.02247238956,0.04079870088,0.0600474205,0.1170136778,0.2263170054,0.473920912,0.6635562042,1.462545237,1.843164413,2.184376036,2.546688328,2.983348307,3.973400118,4.416823408,5.157112647,7.206545642,9.393092787,11.5120098,13.74662379,19.26777723,23.62794112
Sub-Saharan Africa (IDA & IBRD countries),TSS,Internet users (per 100 people),IT.NET.USER.P2,,,,,,,,,,,,,,,,,,,,,,,,,,,,,,,,,,,,,0.06872217789,0.1287797886,0.233989844,0.3596849947,0.5011162478,0.642242042,0.8291086373,1.109244376,1.506041597,2.044469415,2.925828755,3.670158994,5.616740719,6.922015421,9.775497398,12.10872903,14.61288055,17.1216113,19.57576513,22.38805971
Trinidad and Tobago,TTO,Internet users (per 100 people),IT.NET.USER.P2,,,,,,,,,,,,,,,,,,,,,,,,,,,,,,,,,,,,0.1581498992,0.3930805249,1.173174658,2.724825339,5.814250962,7.721411474,15.38462722,21.99867548,25.97176411,27.02427008,28.97671243,30.00374858,32.3,34.8,44.3,48.5,55.2,59.5162,63.8,65.1,69.19847061
Tunisia,TUN,Internet users (per 100 people),IT.NET.USER.P2,,,,,,,,,,,,,,,,,,,,,,,,,,,,,,,,,,,0.007379544267,0.01119195433,0.02761537178,0.04365697449,0.1079409572,1.602494764,2.750740293,4.297966035,5.252887295,6.490845795,8.528817752,9.655086542,12.98640865,17.1,27.53,34.07,36.8,39.1,41.4416,43.8,46.16,48.51983599
Turkey,TUR,Internet users (per 100 people),IT.NET.USER.P2,,,,,,,,,,,,,,,,,,,,,,,,,,,,,,,,,,0.008457731624,0.0498691815,0.08169120532,0.1927249356,0.4736954321,0.6988051286,2.292117685,3.761685035,5.189481461,11.38,12.33,14.58,15.46,18.24,28.63,34.37,36.4,39.82,43.06571043,45.13,46.25,51.04,53.74497914
Tuvalu,TUV,Internet users (per 100 people),IT.NET.USER.P2,,,,,,,,,,,,,,,,,,,,,,,,,,,,,,,,,,,,,,,,,5.241639585,,,,,,,10,15,20,25,30,35,37,39.2,42.7
Tanzania,TZA,Internet users (per 100 people),IT.NET.USER.P2,,,,,,,,,,,,,,,,,,,,,,,,,,,,,,,,,,,,,0.00162215453,0.007900283007,0.009244125143,0.07513088853,0.1171944401,0.1713003507,0.2224844139,0.6769628565,0.877574971,1.1,1.3,1.6,1.9,2.4,2.9,3.2,3.95,4.4,4.86,5.355144064
Uganda,UGA,Internet users (per 100 people),IT.NET.USER.P2,,,,,,,,,,,,,,,,,,,,,,,,,,,,,,,,,,,,0.002863471265,0.004625948146,0.01031934098,0.0652894652,0.1055439403,0.1637140631,0.2379450872,0.384093505,0.4648498401,0.7199706799,1.742205503,2.529363038,3.671965351,7.9,9.78,12.5,13.01354333,14.6896,16.2,17.71,19.22109963
Ukraine,UKR,Internet users (per 100 people),IT.NET.USER.P2,,,,,,,,,,,,,,,,,,,,,,,,,,,,,,,,,,0.00077697032,0.01364124561,0.04308398451,0.09858038139,0.1988218849,0.301075792,0.4053854484,0.716183762,1.238759547,1.873885116,3.148127588,3.489477881,3.749764415,4.506124564,6.55,11,17.9,23.3,28.70826284,35.27,40.954129,46.23597546,49.26
Upper middle income,UMC,Internet users (per 100 people),IT.NET.USER.P2,,,,,,,,,,,,,,,,,,,,,,,,,,,,,,,,,,0.009287247632,0.02181759268,0.0533620928,0.1240664797,0.2581549264,0.6087646436,1.272424295,2.505234448,3.598710591,5.938899713,7.823518243,9.837313445,11.4498193,13.9452312,18.57475758,23.27344287,28.2460555,33.5695273,37.79817786,42.34439722,45.70910751,48.55047421,52.13786916
Uruguay,URY,Internet users (per 100 people),IT.NET.USER.P2,,,,,,,,,,,,,,,,,,,,,,,,,,,,,,,,,,,0.0624743855,0.3101285824,1.847472089,3.363239668,6.987069365,9.972765285,10.53905775,11.12143768,11.4194702,15.93713672,17.06309834,20.08818956,29.4,34,39.3,41.8,46.4,51.40466106,54.45376868,57.69,61.46,64.6
United States,USA,Internet users (per 100 people),IT.NET.USER.P2,,,,,,,,,,,,,,,,,,,,,,,,,,,,,,,0.7847285022,1.163193726,1.724202539,2.271673294,4.862780635,9.237088297,16.41935296,21.61640097,30.09319659,35.84872446,43.07916264,49.08083159,58.78540388,61.69711712,64.75825648,67.96805292,68.93119327,75,74,71,71.69,69.72946076,74.7,71.4,73,74.55
Uzbekistan,UZB,Internet users (per 100 people),IT.NET.USER.P2,,,,,,,,,,,,,,,,,,,,,,,,,,,,,,,,,,,,0.001527093452,0.004285074157,0.0105369348,0.02075443707,0.03068834322,0.4843473077,0.5975679939,1.081939742,1.912595178,2.593725421,3.343509888,6.388321967,7.490604681,9.080114523,11.9,15.9,18.6,23.6,26.8,35.5,42.8
St. Vincent and the Grenadines,VCT,Internet users (per 100 people),IT.NET.USER.P2,,,,,,,,,,,,,,,,,,,,,,,,,,,,,,,,,,,,0.1286346221,0.4832483174,0.9263719569,1.853997683,2.7820023,3.245037411,5.094809778,5.54959488,6.462274167,7.371165842,9.198278082,12,16,21,31,33.7,36.7,40,43.5,47.4,51.77
"Venezuela, RB",VEN,Internet users (per 100 people),IT.NET.USER.P2,,,,,,,,,,,,,,,,,,,,,,,,,,,,,,,,,0.01208213396,0.04158723348,0.05548697776,0.1222148481,0.24826058,0.3909593177,1.383990391,2.839825767,3.359597465,4.636000948,4.910446327,7.499963465,8.404469592,12.55299791,15.22471148,20.83,25.88,32.7,37.37,40.22,49.05008307,54.9,57,61.86924809
British Virgin Islands,VGB,Internet users (per 100 people),IT.NET.USER.P2,,,,,,,,,,,,,,,,,,,,,,,,,,,,,,,,,,,,,,,,,,,18.88574127,,,,,,,36,37,37.4,37.6,,,
Virgin Islands (U.S.),VIR,Internet users (per 100 people),IT.NET.USER.P2,,,,,,,,,,,,,,,,,,,,,,,,,,,,,,,,,,,0.9406452827,2.801957634,4.647185664,6.948368986,9.245220221,11.07460593,13.81508054,18.37576604,27.49443238,27.42907299,27.37700879,27.34431967,27.33261054,27.33933584,27.36177742,27.39650968,31.22,35.6,40.5479,45.3,50.07,54.8391373
Vietnam,VNM,Internet users (per 100 people),IT.NET.USER.P2,,,,,,,,,,,,,,,,,,,,,,,,,,,,,,,,,,,,,0.0001348132739,0.003981962348,0.01307854291,0.128926663,0.2542482758,1.265651236,1.854999236,3.780280814,7.642408528,12.73992929,17.25456172,20.75544477,23.92,26.55,30.65,35.07,39.49,43.9,48.31,52.72
Vanuatu,VUT,Internet users (per 100 people),IT.NET.USER.P2,,,,,,,,,,,,,,,,,,,,,,,,,,,,,,,,,,,,,0.05684563568,0.1395058146,0.2741859419,0.5383000484,2.108336891,2.830572239,3.510038711,3.903295845,4.746602619,5.082333808,5.850585059,6.8,7.269119923,7.5,8,9.2,10.598,11.3,18.8,22.35140458
West Bank and Gaza,PSE,Internet users (per 100 people),IT.NET.USER.P2,,,,,,,,,,,,,,,,,,,,,,,,,,,,,,,,,,,,,,,,,1.111306207,1.836854839,3.100092235,4.130616356,4.400904826,16.005,18.41,21.176,24.358,32.23,37.4,41.08,43.4,46.6,53.67,57.42419241
World,WLD,Internet users (per 100 people),IT.NET.USER.P2,,,,,,,,,,,,,,,,,,,,,,,,,,,,,,,0.04968568911,,,0.2535333758,0.4499596376,0.7823126741,1.334112339,2.05275193,3.156590959,4.654132164,6.770427059,8.095908988,10.5805568,12.27607653,14.17366442,15.78908227,17.6040061,20.53349446,23.26467234,25.75526069,29.149614,31.72975311,34.94592495,37.41686105,40.64994998,43.99831479
Samoa,WSM,Internet users (per 100 people),IT.NET.USER.P2,,,,,,,,,,,,,,,,,,,,,,,,,,,,,,,,,,,,,,0.1745718625,0.2303590145,0.2853083327,0.5663925327,1.689902831,2.244832676,2.799630449,3.07552941,3.352592112,4.469173873,4.749983235,5.031615316,6,7,11,12.92249,15.3,21.2,25.40700977
"Yemen, Rep.",YEM,Internet users (per 100 people),IT.NET.USER.P2,,,,,,,,,,,,,,,,,,,,,,,,,,,,,,,,,,,,,0.0006210807476,0.01502529539,0.02332324253,0.05662867524,0.08250038651,0.09080245872,0.5187960321,0.6047341004,0.8812229887,1.048597934,1.247824049,5.01,6.89,9.96,12.35,14.905,17.4465,20,22.55,25.0995144
South Africa,ZAF,Internet users (per 100 people),IT.NET.USER.P2,,,,,,,,,,,,,,,,,,,,,,,,,,,,,,,,0.01328359142,0.03886910595,0.1137471838,0.246905533,0.6767401042,0.8418829312,1.632093791,2.906220867,4.116249583,5.348559732,6.346619318,6.710322437,7.007691726,8.425118683,7.48854253,7.607139675,8.065375174,8.43,10,24,33.97,41,46.5,49,51.91911572
"Congo, Dem. Rep.",COD,Internet users (per 100 people),IT.NET.USER.P2,,,,,,,,,,,,,,,,,,,,,,,,,,,,,,,,,,,,,0.0001082067318,0.0002112132301,0.0004130651687,0.001009076135,0.005902113681,0.01147578192,0.09279070246,0.1349148374,0.1962083752,0.2380377987,0.2960536103,0.37,0.44,0.56,0.72,1.2,1.679961015,2.2,3,3.799999507
Zambia,ZMB,Internet users (per 100 people),IT.NET.USER.P2,,,,,,,,,,,,,,,,,,,,,,,,,,,,,,,,,,,0.006776105284,0.008783623023,0.009069176047,0.009329657863,0.03022618252,0.1470531721,0.1910716425,0.2331295563,0.4777509069,0.9804830394,2.013549532,2.851752261,4.159913394,4.87,5.55,6.31,10,11.5,13.4682,15.4,19,21
Zimbabwe,ZWE,Internet users (per 100 people),IT.NET.USER.P2,,,,,,,,,,,,,,,,,,,,,,,,,,,,,,,,,,,0.001739279559,0.00768353992,0.01679048389,0.03308032672,0.0816484762,0.1616755276,0.4014335352,0.7998460456,1.1,1.8,2.1,2.4,2.4,3,3.5,4,6.4,8.4,12,15.5,16.3,16.36